Date,Open,High,Low,Last,Volume,Turnover
2019-05-31,95.72,95.94,93.24,94.02,1183029.0,111520193.38
2019-05-30,96.14,96.92,95.84,96.9,344152.0,33267121.78
2019-05-29,96.72,97.12,95.6,96.18,550287.0,52978628.6
2019-05-28,97.82,97.92,97.0,97.36,585075.0,56950355.54
2019-05-27,98.06,98.34,97.84,98.02,180068.0,17659755.86
2019-05-24,96.68,97.86,96.6,97.82,667250.0,65108244.88
2019-05-23,97.16,97.5,96.0,96.62,541090.0,52332323.18
2019-05-22,96.54,97.38,96.32,97.38,412845.0,40096485.92
2019-05-21,97.18,97.64,96.28,96.94,584518.0,56722481.12
2019-05-20,97.26,97.32,96.12,96.92,564496.0,54602150.0
2019-05-17,97.74,97.94,97.14,97.38,435415.0,42423931.82
2019-05-16,97.06,98.14,96.58,98.14,623412.0,60791979.54
2019-05-15,96.58,96.98,95.54,96.98,645396.0,62322306.64
2019-05-14,95.3,96.5,94.96,96.5,636084.0,61084991.1
2019-05-13,95.86,96.24,94.4,94.72,498351.0,47318239.7
2019-05-10,95.44,95.96,95.14,95.9,526972.0,50453202.8
2019-05-09,95.76,96.1,95.02,95.16,464881.0,44356170.72
2019-05-08,95.52,96.3,94.9,96.28,651532.0,62571438.24
2019-05-07,96.02,96.96,95.42,95.68,618329.0,59330305.04
2019-05-06,95.52,96.44,95.12,96.28,264149.0,25318384.48
2019-05-03,96.02,97.0,95.98,96.42,366663.0,35406679.44
2019-05-02,99.8,99.8,96.1,96.3,760214.0,73639727.16
2019-04-30,95.78,96.44,95.5,96.24,481433.0,46250824.14
2019-04-29,96.2,96.2,94.86,95.74,434007.0,41456869.34
2019-04-26,95.22,96.9,95.22,96.3,761344.0,73276931.38
2019-04-25,95.74,95.84,94.62,95.52,477412.0,45535596.3
2019-04-24,96.0,96.02,94.32,95.06,759638.0,72292360.52
2019-04-23,94.02,95.7,93.76,95.54,703687.0,66918320.48
2019-04-18,94.08,94.94,93.8,94.18,493703.0,46513757.84
2019-04-17,93.76,94.18,92.52,94.18,1000345.0,93810905.32
2019-04-16,94.6,94.94,93.72,93.72,399439.0,37509394.76
2019-04-15,94.4,94.7,93.88,94.5,352838.0,33330483.64
2019-04-12,94.02,94.8,93.08,94.06,746659.0,70041547.62
2019-04-11,95.0,95.2,94.34,94.34,465330.0,44004560.94
2019-04-10,94.54,94.88,94.4,94.7,641408.0,60696188.1
2019-04-09,94.6,95.18,94.48,94.5,505983.0,47915158.22
2019-04-08,94.8,95.44,94.4,94.86,468941.0,44474419.48
2019-04-05,95.0,95.28,94.8,94.92,481565.0,45740086.1
2019-04-04,94.1,95.58,94.1,95.24,543653.0,51755532.0
2019-04-03,94.78,94.82,93.5,94.64,711339.0,67101750.04
2019-04-02,93.76,94.68,92.72,94.68,538614.0,50828914.6
2019-04-01,94.68,94.68,93.22,93.34,551753.0,51735724.02
2019-03-29,94.08,94.4,93.66,94.08,511521.0,48098560.96
2019-03-28,93.66,94.42,93.44,93.94,443623.0,41712616.4
2019-03-27,93.88,93.94,92.96,93.42,586381.0,54746401.8
2019-03-26,92.78,93.62,92.24,93.6,566212.0,52856122.06
2019-03-25,92.18,92.78,92.02,92.46,476773.0,44043742.8
2019-03-22,93.74,93.74,92.74,92.74,806015.0,75018416.46
2019-03-21,92.46,93.3,92.32,93.3,575710.0,48992912.96
2019-03-20,92.86,93.22,92.48,92.56,625675.0,44893356.78
2019-03-19,92.48,92.98,92.04,92.22,687905.0,58939744.08
2019-03-18,93.22,93.22,92.0,92.12,673405.0,57829308.9
2019-03-15,91.82,93.22,91.74,93.1,1423472.0,127810294.3
2019-03-14,90.8,92.12,90.8,91.98,593114.0,54449295.12
2019-03-13,90.84,91.52,90.84,91.0,562351.0,51234086.08
2019-03-12,91.16,91.16,90.68,90.8,461049.0,41910124.62
2019-03-11,90.9,91.08,90.58,90.92,539873.0,49047898.66
2019-03-08,90.28,90.94,90.26,90.6,503158.0,45605514.2
2019-03-07,90.1,91.0,90.08,90.5,622872.0,56365115.92
2019-03-06,89.5,90.42,89.4,90.06,617178.0,55482410.56
2019-03-05,89.3,90.26,88.6,89.6,664331.0,59413541.18
2019-03-04,89.38,89.96,89.16,89.16,632303.0,56547006.0
2019-03-01,89.5,89.92,89.08,89.88,701997.0,62988483.34
2019-02-28,87.44,88.78,87.44,88.6,847276.0,74862707.84
2019-02-27,88.26,88.4,87.38,87.76,682739.0,60014658.06
2019-02-26,87.44,88.46,87.22,88.08,463638.0,40801284.48
2019-02-25,88.5,88.5,87.46,87.88,485814.0,42680700.46
2019-02-22,87.7,88.68,87.64,88.02,465761.0,41029887.74
2019-02-21,87.86,88.36,87.56,88.12,739246.0,65102170.28
2019-02-20,87.82,88.22,87.06,87.92,651489.0,57157811.94
2019-02-19,87.72,88.16,87.24,87.78,638890.0,56047407.64
2019-02-18,87.66,87.92,87.04,87.72,475383.0,41601283.04
2019-02-15,87.4,88.06,86.74,87.62,779229.0,68261747.28
2019-02-14,86.62,88.5,86.54,87.22,1222087.0,107087833.7
2019-02-13,84.48,87.66,84.22,86.24,2400660.0,206581151.72
2019-02-12,81.92,81.92,81.16,81.36,746320.0,60787263.22
2019-02-11,80.92,82.08,80.52,81.26,676408.0,55067882.8
2019-02-08,79.7,80.86,79.06,80.42,894460.0,71654428.26
2019-02-07,80.1,80.86,79.68,79.68,766721.0,61400051.98
2019-02-06,80.52,81.1,80.36,80.4,427494.0,34444030.5
2019-02-05,79.94,80.92,79.3,80.78,614434.0,49407597.4
2019-02-04,79.42,80.38,79.04,79.64,793161.0,63210470.28
2019-02-01,79.0,79.34,78.32,79.2,563542.0,44499923.5
2019-01-31,78.26,78.38,77.66,78.38,859541.0,67142199.42
2019-01-30,77.58,77.92,77.0,77.92,637916.0,49565580.68
2019-01-29,76.06,77.66,75.76,77.04,850701.0,65621275.68
2019-01-28,75.7,75.82,75.34,75.66,470414.0,35567877.6
2019-01-25,77.02,77.04,75.74,75.74,600282.0,45649618.44
2019-01-24,76.7,76.88,76.08,76.4,855919.0,65489682.72
2019-01-23,75.48,77.14,75.48,76.2,810087.0,61914314.68
2019-01-22,75.8,76.66,75.78,76.0,621875.0,47354526.96
2019-01-21,75.56,76.72,75.34,75.96,613980.0,46759948.96
2019-01-18,75.0,76.68,74.28,75.8,1370566.0,104003258.18
2019-01-17,75.02,75.88,74.74,75.5,1095163.0,82619569.48
2019-01-16,76.32,76.62,75.04,75.12,690245.0,52131359.74
2019-01-15,75.6,76.64,75.3,76.48,782439.0,59537374.48
2019-01-14,75.48,76.24,74.8,75.08,1086119.0,81792747.64
2019-01-11,77.14,78.04,76.92,77.5,737648.0,57197700.28
2019-01-10,75.62,77.12,75.62,77.12,558745.0,42853762.5
2019-01-09,76.9,76.98,75.7,76.08,822596.0,62640673.0
2019-01-08,75.54,76.78,75.5,76.28,862722.0,65806904.94
2019-01-07,75.82,76.86,75.38,75.76,854589.0,64868236.0
2019-01-04,76.36,77.74,75.62,77.74,437644.0,33727787.72
2019-01-03,76.46,76.84,75.16,76.0,546278.0,41467281.88
2019-01-02,76.48,77.22,75.76,76.78,345240.0,26499849.76
2018-12-31,76.0,77.26,75.66,77.2,157785.0,12157670.62
2018-12-28,75.0,76.8,75.0,76.52,393403.0,30053587.44
2018-12-27,77.46,77.66,75.28,75.82,573522.0,43632981.96
2018-12-24,76.96,77.44,76.2,76.38,196935.0,15094508.22
2018-12-21,79.24,79.34,76.94,77.84,1661253.0,129166878.22
2018-12-20,79.16,80.54,78.9,79.72,852506.0,67975434.22
2018-12-19,78.5,80.2,78.3,80.1,905972.0,72302021.82
2018-12-18,78.96,79.24,78.3,78.48,647637.0,50921496.32
2018-12-17,80.3,80.3,78.84,79.0,542603.0,42925680.94
2018-12-14,80.56,81.02,80.04,80.32,547345.0,44012366.92
2018-12-13,80.72,81.5,80.14,80.94,610197.0,49290168.46
2018-12-12,79.7,80.94,79.62,80.52,602806.0,48482948.82
2018-12-11,77.94,79.62,77.76,79.22,739891.0,58453034.26
2018-12-10,78.1,78.46,77.28,77.64,688986.0,53593538.64
2018-12-07,78.38,79.1,78.06,78.56,767151.0,60284492.76
2018-12-06,80.42,80.68,77.66,78.12,886960.0,69990191.34
2018-12-05,80.62,81.36,80.04,80.8,611634.0,49417834.82
2018-12-04,79.32,81.24,79.3,81.16,787092.0,63589053.34
2018-12-03,81.7,81.7,79.16,79.4,776425.0,62075707.36
2018-11-30,79.94,81.32,79.32,80.82,939655.0,75746297.3
2018-11-29,80.84,81.22,79.54,79.72,823849.0,65978915.86
2018-11-28,81.52,81.84,80.28,80.42,634873.0,51192337.1
2018-11-27,81.22,81.66,80.84,81.64,571144.0,46472188.02
2018-11-26,81.02,81.38,80.7,81.38,584775.0,47482688.56
2018-11-23,80.34,80.82,79.88,80.76,368436.0,29610936.0
2018-11-22,80.74,81.06,80.1,80.28,411575.0,33132755.82
2018-11-21,80.0,80.74,79.56,80.74,736490.0,59135495.96
2018-11-20,80.26,80.46,79.52,79.92,646417.0,51678485.32
2018-11-19,80.2,81.46,79.98,80.38,814510.0,69205752.1
2018-11-16,79.7,80.36,79.16,80.06,766516.0,61201545.88
2018-11-15,80.58,80.76,79.34,79.86,578925.0,46322988.34
2018-11-14,79.56,80.78,79.46,80.08,702158.0,56272297.72
2018-11-13,79.96,80.68,79.44,80.0,715024.0,57196118.88
2018-11-12,79.62,79.74,79.12,79.68,492305.0,39178687.8
2018-11-09,79.04,79.5,78.72,79.5,658210.0,52114287.68
2018-11-08,79.64,79.98,78.9,79.0,592533.0,46937968.5
2018-11-07,79.4,80.18,79.12,79.4,516858.0,41094449.42
2018-11-06,80.36,80.36,78.98,79.08,556256.0,44160558.18
2018-11-05,79.6,80.12,79.18,79.84,505725.0,40365469.4
2018-11-02,80.64,80.64,79.16,79.4,734077.0,58449706.88
2018-11-01,79.36,80.0,78.68,79.96,672889.0,53594422.58
2018-10-31,79.68,80.16,79.06,79.6,948746.0,75561283.26
2018-10-30,79.12,79.12,77.62,78.4,567825.0,44506250.28
2018-10-29,77.8,79.58,77.8,79.14,760272.0,60103881.16
2018-10-26,77.64,77.86,76.52,77.74,922985.0,71406141.74
2018-10-25,77.66,79.16,77.42,77.96,1047869.0,81939253.46
2018-10-24,78.84,78.84,76.88,77.96,1099949.0,85555103.62
2018-10-23,78.94,79.02,78.3,78.42,714335.0,56120596.68
2018-10-22,80.3,80.48,79.54,79.6,709564.0,56595879.98
2018-10-19,78.6,80.06,78.48,79.8,1225381.0,97335872.32
2018-10-18,77.14,78.58,77.0,78.5,812243.0,63466648.46
2018-10-17,77.62,77.76,76.66,76.76,725623.0,55944370.7
2018-10-16,76.14,77.62,75.88,77.62,819873.0,63168455.58
2018-10-15,76.04,76.18,75.34,75.98,570962.0,43249746.04
2018-10-12,76.04,76.2,75.38,76.0,994348.0,75528702.98
2018-10-11,76.4,76.7,75.58,75.58,1081583.0,82223557.32
2018-10-10,78.06,78.22,77.06,77.06,961195.0,74354497.82
2018-10-09,78.3,78.32,76.8,78.3,951977.0,74058321.9
2018-10-08,78.7,79.14,77.74,78.0,989826.0,77364512.28
2018-10-05,79.24,79.56,78.72,78.84,658883.0,52053153.16
2018-10-04,80.9,81.12,79.14,79.24,925994.0,73651856.16
2018-10-03,81.22,81.78,80.62,81.22,613626.0,49823561.86
2018-10-02,80.78,80.86,79.66,80.74,822107.0,66116381.74
2018-10-01,80.36,81.74,79.8,81.24,832193.0,67639499.74
2018-09-28,81.64,81.78,80.76,80.76,769992.0,62436027.04
2018-09-27,81.42,81.88,81.38,81.66,508916.0,41580984.6
2018-09-26,81.66,81.86,81.28,81.72,636524.0,51956304.44
2018-09-25,81.74,82.1,81.44,81.62,541427.0,44238455.02
2018-09-24,81.88,82.42,81.64,81.88,443249.0,36325723.38
2018-09-21,81.8,82.38,81.64,82.26,857813.0,70476711.06
2018-09-20,81.02,81.4,80.44,81.4,963179.0,78041303.34
2018-09-19,81.9,81.9,80.86,81.06,604161.0,49044917.98
2018-09-18,82.24,82.38,81.68,81.86,624743.0,51181104.76
2018-09-17,82.18,82.54,81.84,82.1,384552.0,31592654.06
2018-09-14,82.06,82.56,81.88,82.52,569135.0,46901859.36
2018-09-13,82.08,82.4,81.74,82.02,566148.0,46459169.06
2018-09-12,82.06,82.64,81.52,82.24,673158.0,55294469.66
2018-09-11,82.0,82.82,81.6,82.12,1092378.0,89638171.52
2018-09-10,83.56,83.62,83.1,83.32,535925.0,44659544.82
2018-09-07,83.02,83.7,82.58,83.36,693994.0,57772099.88
2018-09-06,83.2,83.22,82.2,82.76,830756.0,68795974.68
2018-09-05,85.18,85.36,83.22,83.38,982418.0,82335295.02
2018-09-04,85.74,86.04,84.88,85.64,727892.0,62232485.16
2018-09-03,85.2,85.68,84.96,85.48,415832.0,35547362.72
2018-08-31,85.5,85.68,84.6,85.14,791611.0,67306561.88
2018-08-30,86.0,86.42,85.56,85.74,546927.0,46972638.92
2018-08-29,85.58,86.0,85.22,85.88,434399.0,37247546.56
2018-08-28,86.2,86.2,85.52,85.52,478466.0,41007398.04
2018-08-27,86.0,86.12,85.78,85.9,244310.0,20995113.74
2018-08-24,86.16,86.36,85.8,85.8,379358.0,32641793.88
2018-08-23,86.16,86.64,85.94,86.04,431327.0,37160946.88
2018-08-22,85.66,86.34,85.52,86.04,493157.0,42419262.08
2018-08-21,86.66,86.8,85.78,86.06,546032.0,47133894.9
2018-08-20,86.3,87.0,85.96,86.64,437255.0,37839871.36
2018-08-17,86.98,87.14,85.34,86.0,897242.0,77051396.58
2018-08-16,86.7,87.14,86.14,86.9,463698.0,40198494.14
2018-08-15,86.5,87.04,85.76,86.44,810327.0,69942828.5
2018-08-14,87.1,87.94,87.08,87.22,531833.0,46528982.4
2018-08-13,87.12,87.3,86.3,87.08,406064.0,35279364.34
2018-08-10,87.56,87.98,87.04,87.28,467612.0,40861830.96
2018-08-09,87.82,88.1,87.24,88.0,382095.0,33546944.1
2018-08-08,88.2,88.44,87.84,88.16,380852.0,33562564.76
2018-08-07,88.7,88.94,88.1,88.2,423382.0,37424060.72
2018-08-06,89.28,89.32,88.08,88.64,519396.0,46010254.86
2018-08-03,88.0,89.26,87.6,88.84,1199487.0,106307766.66
2018-08-02,86.46,87.82,86.46,86.84,922356.0,80309606.24
2018-08-01,86.22,87.68,86.1,86.8,1013792.0,88072648.62
2018-07-31,87.02,87.3,86.1,86.54,1257331.0,108875359.08
2018-07-30,87.5,89.18,86.74,87.5,1886686.0,165626919.84
2018-07-27,91.52,92.36,91.32,92.36,811997.0,74704806.38
2018-07-26,92.0,92.22,91.26,91.66,764712.0,70203171.86
2018-07-25,91.44,92.4,91.36,92.32,647120.0,59622954.3
2018-07-24,92.46,92.58,91.14,91.42,762452.0,69859140.9
2018-07-23,92.56,93.2,91.82,92.02,849504.0,78620170.34
2018-07-20,91.58,93.54,91.56,93.54,994248.0,92531994.3
2018-07-19,91.9,91.9,91.22,91.88,491577.0,45095162.52
2018-07-18,90.4,92.08,90.4,91.82,659159.0,60423726.84
2018-07-17,91.06,91.06,89.78,90.56,644784.0,58254155.36
2018-07-16,90.48,91.2,90.32,91.0,729691.0,66375366.66
2018-07-13,89.48,90.7,89.3,90.32,907239.0,81890020.16
2018-07-12,88.46,89.68,88.28,89.56,742979.0,66374283.32
2018-07-11,87.42,88.5,87.42,88.34,482377.0,42547969.16
2018-07-10,87.96,87.98,87.1,87.74,568068.0,49810203.78
2018-07-09,88.32,88.42,87.68,87.88,436680.0,38422684.1684
2018-07-06,87.58,88.2,87.36,87.62,636939.0,55842125.86
2018-07-05,87.54,87.54,86.78,87.18,567385.0,49481339.96
2018-07-04,86.98,87.64,86.78,87.44,453157.0,39609630.44
2018-07-03,85.92,87.14,85.44,87.14,762064.0,66035856.5
2018-07-02,85.38,86.04,85.26,85.6,737531.0,63170945.14
2018-06-29,86.1,86.88,85.86,86.02,729400.0,62979780.9
2018-06-28,85.32,85.94,85.3,85.48,791653.0,67712853.88
2018-06-27,85.2,85.84,84.46,85.5,780911.0,66548202.1
2018-06-26,86.04,86.38,85.6,85.6,619996.0,53257696.82
2018-06-25,86.32,86.84,85.76,85.76,399850.0,34451517.86
2018-06-22,85.76,86.58,85.48,86.58,441418.0,38077389.14
2018-06-21,86.06,86.42,85.42,85.44,616331.0,52842522.89
2018-06-20,86.06,86.2,85.58,86.04,631103.0,54249819.12
2018-06-19,86.46,86.9,85.52,85.68,725056.0,62309673.06
2018-06-18,88.42,88.52,86.54,86.7,528832.0,46039906.44
2018-06-15,87.98,89.62,87.98,88.6,1340466.0,119095620.24
2018-06-14,87.54,88.22,86.38,88.02,748242.0,65538887.18
2018-06-13,87.78,88.64,87.64,87.98,785326.0,69117876.1577
2018-06-12,87.14,87.7,86.88,87.4,633851.0,55361017.64
2018-06-11,85.92,86.74,85.8,86.62,571360.0,49395053.76
2018-06-08,84.38,85.42,84.06,85.42,673382.0,57185658.8
2018-06-07,85.54,85.76,84.6,84.96,554396.0,47149068.5012
2018-06-06,87.12,87.24,84.82,85.48,947192.0,81174564.1
2018-06-05,87.62,88.44,87.14,87.14,584754.0,51288141.4
2018-06-04,85.76,88.0,85.72,87.88,757066.0,66327777.24
2018-06-01,85.9,86.36,85.04,85.46,509054.0,43559984.84
2018-05-31,86.74,87.22,85.44,85.64,1044977.0,89995581.52
2018-05-30,86.84,86.9,86.16,86.54,596782.0,51673148.76
2018-05-29,87.94,88.4,86.68,86.98,508875.0,44319384.38
2018-05-28,88.0,88.4,87.74,88.22,345676.0,30481037.98
2018-05-25,86.88,87.86,86.74,87.64,620065.0,54296229.3
2018-05-24,86.3,87.48,86.04,86.44,504335.0,43700669.26
2018-05-23,85.76,87.0,85.64,86.24,664518.0,57384282.36
2018-05-22,86.22,86.38,85.32,85.76,752143.0,64554282.26
2018-05-21,86.18,86.34,85.82,85.84,274252.0,23569421.8
2018-05-18,85.76,86.28,85.56,85.82,686127.0,58941388.14
2018-05-17,86.58,86.68,85.66,85.84,750335.0,64543129.56
2018-05-16,87.02,87.44,86.36,86.64,583255.0,50569313.52
2018-05-15,87.4,87.84,86.7,87.18,464007.0,40481010.02
2018-05-14,87.56,87.82,87.26,87.48,519674.0,45488929.86
2018-05-11,87.48,87.64,87.22,87.44,345949.0,30253841.48
2018-05-10,87.74,87.82,87.36,87.62,351898.0,30831101.6
2018-05-09,87.66,88.14,87.48,87.78,621685.0,54607024.2
2018-05-08,86.88,87.72,86.84,87.72,454652.0,39729857.2
2018-05-07,86.76,87.08,86.32,86.86,281554.0,24439746.54
2018-05-04,86.52,86.88,86.46,86.6,387611.0,33594889.02
2018-05-03,86.82,87.36,86.12,86.4,737112.0,63861095.88
2018-05-02,87.3,87.52,86.5,86.94,860194.0,74841990.64
2018-04-30,87.6,87.6,87.04,87.3,515948.0,45029730.14
2018-04-27,87.26,87.72,86.8,87.42,503246.0,43953757.56
2018-04-26,86.28,87.12,85.98,87.0,606907.0,52675922.3
2018-04-25,85.72,86.28,85.6,85.96,633293.0,54436118.8
2018-04-24,86.7,87.66,85.72,86.06,920619.0,79624888.1
2018-04-23,87.16,87.22,85.62,86.66,873758.0,75435852.1
2018-04-20,88.14,88.7,88.12,88.56,888931.0,78635978.1
2018-04-19,87.92,89.12,87.82,88.54,839521.0,74351774.32
2018-04-18,87.38,88.44,86.46,88.34,1511870.0,132742727.68
2018-04-17,88.62,89.98,87.46,89.66,1319975.0,117803424.94
2018-04-16,89.32,89.44,88.34,88.64,492348.0,43700819.68
2018-04-13,88.86,89.62,88.6,89.1,604152.0,53859293.5
2018-04-12,89.76,89.88,88.52,88.94,700595.0,62320338.44
2018-04-11,89.78,90.16,89.2,89.94,512068.0,45967837.08
2018-04-10,90.52,90.58,89.92,90.08,838300.0,75591694.54
2018-04-09,90.2,90.34,89.88,90.1,728562.0,65602582.88
2018-04-06,89.24,90.32,89.08,90.2,665523.0,59877664.82
2018-04-05,88.56,89.58,88.38,89.34,760894.0,67777028.82
2018-04-04,86.7,87.86,86.42,87.66,820838.0,71617769.24
2018-04-03,86.86,87.14,86.58,86.58,634143.0,55039098.94
2018-03-29,86.9,87.9,86.72,87.3,600029.0,52435212.24
2018-03-28,84.7,86.84,84.48,86.84,706202.0,60819181.76
2018-03-27,85.86,85.88,84.92,85.14,738655.0,62972594.4
2018-03-26,85.1,85.9,84.36,85.18,945376.0,77343459.5
2018-03-23,85.08,85.34,84.06,84.82,733097.0,62179633.32
2018-03-22,84.88,85.7,84.68,85.6,809433.0,69043854.0
2018-03-21,86.1,86.1,85.1,85.32,537723.0,45932675.18
2018-03-20,85.4,86.12,85.32,86.12,463223.0,39760921.22
2018-03-19,86.02,86.5,85.44,85.52,492668.0,42214952.64
2018-03-16,87.18,87.56,86.36,86.36,920295.0,79782441.58
2018-03-15,87.0,87.56,86.6,87.46,513327.0,44804488.48
2018-03-14,86.42,87.02,86.32,86.86,576800.0,50039970.16
2018-03-13,87.96,87.96,86.02,86.52,607562.0,52703987.66
2018-03-12,87.9,88.04,87.52,87.72,382354.0,33538869.28
2018-03-09,87.66,88.22,87.3,87.54,596185.0,52269845.98
2018-03-08,85.36,87.64,85.28,87.58,950227.0,82529661.0
2018-03-07,84.36,85.3,84.34,85.3,540369.0,45971592.96
2018-03-06,85.82,85.82,84.48,84.64,812699.0,68992654.04
2018-03-05,84.18,85.38,84.18,85.32,735825.0,62712792.34
2018-03-02,85.0,85.38,84.16,84.3,1319219.0,111865775.88
2018-03-01,85.24,85.74,84.54,85.48,761216.0,64935579.42
2018-02-28,85.0,85.62,84.78,85.54,815728.0,69650443.2608
2018-02-27,86.1,86.42,85.5,85.52,708729.0,54413520.0672
2018-02-26,85.9,86.98,85.62,86.1,789243.0,68132224.54
2018-02-23,84.7,85.34,83.78,85.1,645079.0,54590221.12
2018-02-22,84.34,84.7,83.74,84.56,796648.0,67121750.78
2018-02-21,84.98,85.4,84.72,85.0,574597.0,48885266.26
2018-02-20,85.02,85.52,84.9,85.0,545720.0,46432901.14
2018-02-19,85.92,85.92,85.1,85.36,417997.0,35705879.32
2018-02-16,84.92,86.38,84.68,85.96,803988.0,69033548.58
2018-02-15,84.3,84.7,83.68,84.58,1078306.0,90883160.26
2018-02-14,83.12,84.72,83.12,84.08,1153803.0,96988238.22
2018-02-13,82.2,82.94,81.44,82.8,960768.0,79169110.86
2018-02-12,81.9,82.48,79.6,82.14,1764078.0,144001203.22
2018-02-09,83.98,84.54,83.2,83.84,1376719.0,115570216.52
2018-02-08,85.3,85.42,84.16,84.3,910688.0,77273798.16
2018-02-07,86.96,86.96,85.26,85.84,993165.0,85344149.42
2018-02-06,85.66,87.06,84.06,85.62,1474145.0,126758959.7
2018-02-05,89.6,89.62,88.14,88.28,785347.0,69556916.92
2018-02-02,90.96,91.04,90.14,90.3,1006652.0,91041371.78
2018-02-01,90.9,91.42,90.66,91.02,802766.0,73057436.62
2018-01-31,90.3,90.8,90.14,90.56,599873.0,54318583.4
2018-01-30,89.74,90.08,89.68,89.86,527501.0,47403631.12
2018-01-29,90.3,90.3,89.88,89.94,537868.0,48394340.7
2018-01-26,89.54,90.58,89.36,90.38,573639.0,51717193.72
2018-01-25,88.74,89.64,88.7,89.38,909857.0,81260598.08
2018-01-24,89.8,89.9,89.3,89.32,788541.0,70548459.42
2018-01-23,89.36,89.86,89.02,89.84,555591.0,49818225.3
2018-01-22,88.54,88.98,88.54,88.92,457556.0,40660013.56
2018-01-19,87.96,88.92,87.78,88.74,726486.0,64320504.64
2018-01-18,88.0,88.1,87.0,88.1,884178.0,77551851.68
2018-01-17,86.8,87.54,86.54,87.5,638355.0,55698619.98
2018-01-16,87.5,87.86,86.84,87.02,590585.0,51515016.36
2018-01-15,87.72,88.02,87.3,87.56,336135.0,29467057.76
2018-01-12,87.78,88.0,87.54,87.92,503299.0,44194498.14
2018-01-11,89.0,89.0,87.84,87.84,886911.0,78300093.56
2018-01-09,88.2,89.94,88.08,89.78,771647.0,68974784.56
2018-01-08,88.58,88.76,88.22,88.26,525868.0,46475089.8
2018-01-05,87.5,88.34,87.32,88.34,503308.0,44297797.64
2018-01-04,87.1,87.28,86.88,87.22,608028.0,52986677.48
2018-01-03,86.4,87.02,85.96,86.86,580576.0,50305606.7
2018-01-02,86.8,86.88,86.14,86.2,417775.0,36085424.88
2017-12-29,87.02,87.3,86.72,86.93,375959.0,32677536.11
2017-12-28,87.59,87.81,87.13,87.26,263699.0,23055069.43
2017-12-27,87.6,88.04,87.27,87.86,305148.0,26760403.02
2017-12-22,87.48,88.1,87.36,87.7,404419.0,35486535.22
2017-12-21,87.09,87.62,86.6,87.52,401711.0,35060402.5
2017-12-20,88.57,88.77,87.35,87.4,596096.0,52471401.64
2017-12-19,88.0,89.08,87.89,88.57,985822.0,87437391.29
2017-12-18,86.6,87.98,85.75,87.71,711231.0,62131282.98
2017-12-15,85.71,86.39,85.34,86.39,891290.0,76798162.68
2017-12-14,85.87,86.26,85.68,85.99,577079.0,49635900.44
2017-12-13,86.18,86.28,85.5,85.84,631548.0,54242792.36
2017-12-12,85.26,86.36,85.23,86.36,551610.0,47423837.16
2017-12-11,85.91,86.07,85.08,85.08,449085.0,38336253.74
2017-12-08,86.54,86.54,85.28,85.58,408001.0,34943778.27
2017-12-07,86.42,86.62,86.0,86.13,436439.0,37613333.62
2017-12-06,85.76,86.53,85.28,86.33,610751.0,52529750.62
2017-12-05,85.55,86.45,85.55,86.13,451475.0,38854991.58
2017-12-04,85.74,85.85,85.26,85.66,440394.0,37699125.82
2017-12-01,85.54,85.84,84.7,84.9,530983.0,45191441.8
2017-11-30,85.38,86.38,85.31,85.59,854472.0,73260929.56
2017-11-29,85.79,85.95,85.28,85.49,493071.0,42223200.16
2017-11-28,84.61,85.92,84.59,85.61,473108.0,40444079.76
2017-11-27,85.35,85.65,84.68,84.68,475925.0,40460321.82
2017-11-24,85.65,85.99,85.18,85.42,507629.0,43453049.04
2017-11-23,84.71,85.43,84.56,85.35,458161.0,39018202.99
2017-11-22,84.64,85.74,84.54,84.87,731809.0,62259546.4
2017-11-21,83.94,84.82,83.89,84.52,524653.0,44348996.75
2017-11-20,83.62,84.58,83.59,84.04,451483.0,37981597.27
2017-11-17,84.36,84.48,83.41,83.84,578985.0,48572379.52
2017-11-16,84.41,84.5,83.91,83.91,416858.0,35081007.48
2017-11-15,84.66,84.94,83.76,84.02,562850.0,47430896.37
2017-11-14,85.03,85.22,84.39,84.72,497917.0,42217615.38
2017-11-13,85.2,85.65,84.54,84.87,502178.0,41990333.34
2017-11-10,85.4,85.6,84.8,84.8,604455.0,51434054.28
2017-11-09,85.0,85.74,84.53,85.31,860037.0,73372454.03
2017-11-08,83.88,84.99,83.77,84.88,570092.0,48202911.97
2017-11-07,84.67,84.74,83.67,83.88,596219.0,50098418.91
2017-11-06,84.57,84.99,84.28,84.47,405683.0,34318650.41
2017-11-03,84.24,84.8,83.95,84.8,556608.0,46972845.23
2017-11-01,83.98,84.32,83.88,83.92,477487.0,40125725.94
2017-10-31,83.46,83.94,83.28,83.66,490950.0,41050783.44
2017-10-30,82.85,83.26,82.69,83.2,627382.0,52111190.51
2017-10-27,83.04,83.8,82.79,83.33,1028109.0,85644426.43
2017-10-26,82.15,82.45,81.63,82.37,1136969.0,93385863.85
2017-10-25,84.38,84.39,81.6,82.1,1499610.0,123939233.58
2017-10-24,85.93,86.18,84.85,84.97,723205.0,61690817.33
2017-10-23,86.25,86.3,85.66,85.83,493804.0,42422571.37
2017-10-20,86.41,86.6,85.98,86.22,709419.0,61193476.99
2017-10-19,86.3,86.36,85.84,86.28,851093.0,73306116.38
2017-10-18,85.55,86.43,85.55,86.43,1188619.0,102372406.9596
2017-10-17,86.18,86.26,85.24,85.7,770155.0,65964864.3
2017-10-16,85.89,86.09,85.69,85.92,506310.0,43506983.21
2017-10-13,85.59,85.9,85.44,85.76,518809.0,44482331.51
2017-10-12,85.56,85.91,85.32,85.58,555212.0,47512326.88
2017-10-11,85.79,85.91,85.38,85.85,529081.0,45340649.25
2017-10-10,85.25,85.7,85.21,85.41,447369.0,38249698.16
2017-10-09,84.5,85.3,84.45,85.19,507676.0,43182574.96
2017-10-06,84.65,84.87,84.2,84.5,568101.0,48020242.645
2017-10-05,84.41,84.7,84.16,84.7,666844.0,56322105.02
2017-10-04,84.31,84.5,84.1,84.3,609023.0,51357578.98
2017-10-03,84.28,84.43,83.88,84.2,405867.0,34164052.42
2017-10-02,84.0,84.38,83.55,84.38,938719.0,78981280.96
2017-09-29,83.01,83.66,82.93,83.65,911735.0,76079359.54
2017-09-28,83.12,83.5,82.74,83.07,794607.0,65972917.94
2017-09-27,83.98,83.98,82.78,82.91,1061924.0,88217391.9
2017-09-26,83.71,84.08,83.24,83.75,740591.0,62041819.3
2017-09-25,83.88,84.33,83.68,83.83,709779.0,59609526.49
2017-09-22,83.94,84.35,83.7,83.7,980325.0,82229857.89
2017-09-21,84.5,84.66,83.73,83.82,2901112.0,243481253.33
2017-09-20,84.12,84.87,84.09,84.5,1273568.0,107588668.33
2017-09-19,84.4,84.65,83.84,84.29,3844600.0,324101102.0
2017-09-18,87.81,88.25,87.26,87.59,325923.0,28571122.41
2017-09-15,88.5,88.81,87.64,87.64,851455.0,74884201.06
2017-09-14,88.48,89.29,88.43,88.52,298283.0,26482508.06
2017-09-13,88.22,88.84,87.97,88.65,287022.0,25408354.71
2017-09-12,88.89,89.12,88.16,88.48,413393.0,36589627.7
2017-09-11,88.15,88.94,88.07,88.73,419270.0,37198832.75
2017-09-08,87.31,87.93,87.27,87.93,322524.0,28289954.75
2017-09-07,87.4,87.86,86.95,87.42,455530.0,39821292.71
2017-09-06,87.02,87.52,86.73,87.37,501200.0,43710284.26
2017-09-05,87.62,87.91,87.12,87.21,376460.0,32899912.01
2017-09-04,87.7,87.99,87.49,87.55,248374.0,21770462.05
2017-09-01,88.21,88.9,87.97,88.01,356504.0,31492865.73
2017-08-31,87.35,88.48,86.85,88.13,698943.0,61473558.5
2017-08-30,86.43,87.12,86.38,86.95,352728.0,30606226.27
2017-08-29,85.91,86.17,85.06,86.1,461898.0,39671221.78
2017-08-28,86.7,86.82,86.04,86.4,231105.0,19974812.51
2017-08-25,86.86,87.28,86.71,86.88,220746.0,19203435.86
2017-08-24,87.47,87.52,86.96,86.97,372471.0,32449007.97
2017-08-23,86.93,87.61,86.93,87.22,285624.0,24922668.08
2017-08-22,86.64,87.34,86.64,87.19,239805.0,20888089.58
2017-08-21,86.61,87.29,86.21,86.52,531802.0,46066751.92
2017-08-18,87.01,87.17,86.37,86.85,472294.0,40981357.67
2017-08-17,87.8,88.03,87.47,87.71,304193.0,26679648.62
2017-08-16,87.7,88.16,87.58,87.88,308158.0,27100351.72
2017-08-15,87.42,87.84,87.01,87.4,274002.0,23933248.68
2017-08-14,87.11,87.29,86.63,87.16,305383.0,26580211.72
2017-08-11,86.93,87.35,86.56,86.64,534731.0,46496551.82
2017-08-10,87.32,87.32,86.7,87.14,464660.0,40426971.43
2017-08-09,87.75,88.07,87.09,87.34,663894.0,58053316.95
2017-08-08,88.15,88.42,87.72,88.26,424606.0,37425194.39
2017-08-07,88.21,88.4,87.66,88.09,344166.0,30279107.74
2017-08-04,87.37,88.31,87.09,88.23,459037.0,40313216.64
2017-08-03,86.81,87.43,86.42,87.37,535579.0,46643836.21
2017-08-02,87.46,87.56,86.7,87.01,737258.0,64169507.55
2017-08-01,88.83,88.83,86.86,87.22,827811.0,72231922.55
2017-07-31,89.55,89.6,86.88,88.17,1132174.0,99905360.1948
2017-07-28,88.84,89.0,87.98,88.35,672188.0,59486418.78
2017-07-27,88.83,89.71,88.51,89.2,731004.0,65291728.44
2017-07-26,87.4,88.92,87.2,88.31,677739.0,59908976.51
2017-07-25,87.09,88.14,86.99,87.23,593778.0,51971522.53
2017-07-24,87.87,88.02,86.9,87.08,585321.0,51067499.05
2017-07-21,87.98,88.33,87.69,87.86,654414.0,57548405.72
2017-07-20,87.5,88.63,87.46,88.01,692406.0,60870503.0
2017-07-19,87.4,87.9,87.23,87.82,501446.0,43949815.36
2017-07-18,87.0,87.37,86.81,86.89,488258.0,42481678.16
2017-07-17,86.86,87.22,86.64,87.0,342298.0,29771440.07
2017-07-14,86.1,86.69,85.81,86.69,425898.0,36791295.98
2017-07-13,86.0,86.17,85.63,85.95,462997.0,39786468.57
2017-07-12,85.01,86.01,84.74,85.71,607006.0,51855756.1
2017-07-11,85.04,85.16,84.45,84.75,556781.0,47170268.56
2017-07-10,85.14,85.47,84.61,85.2,334891.0,28510998.44
2017-07-07,84.61,84.94,84.29,84.73,528033.0,44699621.11
2017-07-06,85.5,85.99,84.31,84.81,706144.0,59896592.16
2017-07-05,85.54,85.91,85.06,85.73,459555.0,39342447.26
2017-07-04,85.9,86.02,85.46,85.62,376821.0,32291845.16
2017-07-03,85.51,86.24,85.04,86.09,625411.0,53580337.67
2017-06-30,84.83,86.25,84.69,85.13,854360.0,73093350.78
2017-06-29,86.0,86.37,84.14,84.71,832412.0,70887288.11
2017-06-28,87.09,87.09,85.89,85.89,773253.0,66670610.79
2017-06-27,87.15,87.59,86.85,87.05,653683.0,56981773.62
2017-06-26,86.49,87.67,86.39,87.18,604702.0,52717786.19
2017-06-23,87.19,87.52,86.02,86.25,713159.0,61613608.02
2017-06-22,87.82,87.91,87.3,87.87,472214.0,41407858.32
2017-06-21,88.07,88.11,87.15,87.88,471128.0,41307498.16
2017-06-20,88.1,88.65,88.04,88.36,501455.0,44295567.55
2017-06-19,87.98,88.46,87.79,87.89,415614.0,36588593.99
2017-06-16,87.15,87.75,87.04,87.56,1009200.0,88293573.46
2017-06-15,86.62,86.95,86.22,86.8,663715.0,57497808.86
2017-06-14,86.42,87.15,86.41,86.8,856530.0,74346913.33
2017-06-13,86.79,86.79,86.19,86.44,800532.0,69178986.21
2017-06-12,86.85,87.06,86.45,86.6,734133.0,63657827.28
2017-06-09,87.19,88.06,87.09,87.27,620388.0,54232890.68
2017-06-08,88.09,88.42,87.23,87.32,690896.0,60622103.22
2017-06-07,88.16,89.06,87.93,88.4,692359.0,61293901.52
2017-06-06,88.02,88.61,87.85,88.2,566609.0,50034457.35
2017-06-05,88.26,88.47,87.78,87.92,299971.0,26409967.5
2017-06-02,88.17,88.79,87.92,88.12,550294.0,48582837.89
2017-06-01,87.98,88.41,87.75,87.9,633328.0,55771670.99
2017-05-31,86.91,87.94,86.91,87.67,811293.0,71089070.7
2017-05-29,87.2,87.43,86.77,87.03,266023.0,23161551.24
2017-05-26,87.34,87.61,86.98,87.3,542399.0,47350079.46
2017-05-25,87.43,87.84,86.81,87.62,403918.0,35331535.32
2017-05-24,86.88,87.2,86.56,87.2,481376.0,41848441.61
2017-05-23,86.76,87.18,86.44,87.0,543149.0,47188527.04
2017-05-22,86.33,86.89,86.05,86.8,537053.0,46532422.77
2017-05-19,85.76,86.57,85.49,86.25,530804.0,45753377.75
2017-05-18,86.31,86.57,85.43,85.88,1103491.0,97465289.46
2017-05-17,86.11,86.88,86.04,86.27,803292.0,69438190.99
2017-05-16,85.65,86.48,85.55,86.42,577168.0,49730962.93
2017-05-15,85.65,85.76,85.1,85.55,404597.0,34564956.52
2017-05-12,85.31,85.76,85.19,85.76,378346.0,32359935.41
2017-05-11,84.88,85.41,84.63,85.27,591496.0,50398018.2
2017-05-10,84.95,85.14,84.5,84.87,653993.0,55513959.61
2017-05-09,84.8,85.36,84.65,85.36,501623.0,42701049.23
2017-05-08,84.5,84.79,84.05,84.79,576476.0,48728585.39
2017-05-05,84.0,84.42,83.64,84.41,591701.0,49785819.3
2017-05-04,83.44,84.37,83.04,84.37,989573.0,82794066.26
2017-05-03,83.14,83.47,82.86,83.05,482968.0,40171406.49
2017-05-02,82.14,83.34,82.01,83.34,793215.0,65767783.44
2017-04-28,82.3,82.46,81.85,81.85,882403.0,72377490.92
2017-04-27,82.55,82.79,82.34,82.5,650245.0,53705066.3
2017-04-26,82.31,82.82,82.08,82.77,653274.0,53971865.64
2017-04-25,82.56,82.62,82.06,82.2,634661.0,52221408.2
2017-04-24,82.13,82.45,81.51,82.35,963672.0,79146833.13
2017-04-21,81.61,81.98,81.27,81.93,824980.0,67426714.99
2017-04-20,81.46,82.82,81.14,81.58,856647.0,70296158.13
2017-04-19,82.42,82.42,80.86,81.45,881454.0,71869049.32
2017-04-18,81.38,81.47,80.51,80.52,928942.0,75144587.26
2017-04-13,81.59,81.59,81.14,81.15,445066.0,36183047.68
2017-04-12,81.14,81.57,81.01,81.5,473796.0,38582248.47
2017-04-11,80.65,81.2,80.53,81.05,660689.0,53470452.72
2017-04-10,80.47,80.82,80.03,80.82,439006.0,35363453.4
2017-04-07,80.2,80.41,79.56,80.12,480393.0,38409525.26
2017-04-06,79.95,80.37,79.69,80.25,404011.0,32354018.26
2017-04-05,80.3,80.43,79.88,80.17,529632.0,42434707.01
2017-04-04,79.75,80.28,79.59,80.0,505196.0,40398096.22
2017-04-03,79.85,80.63,79.73,79.92,557934.0,44666955.04
2017-03-31,79.34,79.83,79.2,79.8,703241.0,56054192.77
2017-03-30,79.2,79.47,78.96,79.45,500843.0,39722752.99
2017-03-29,79.12,79.4,78.57,79.19,561270.0,44330425.64
2017-03-28,79.13,79.19,78.51,78.96,508520.0,40078783.56
2017-03-27,77.9,79.27,77.87,79.27,936752.0,73667983.21
2017-03-23,79.35,79.39,78.45,78.97,805961.0,63557937.41
2017-03-22,79.61,80.09,79.22,79.38,782229.0,62272305.78
2017-03-21,79.88,79.88,79.47,79.83,614842.0,49000019.3
2017-03-20,79.5,79.92,79.47,79.64,523903.0,41749951.05
2017-03-17,78.61,79.87,78.4,79.87,1100260.0,87542153.35
2017-03-16,78.75,78.88,78.3,78.87,597576.0,47019638.26
2017-03-15,78.43,78.5,78.01,78.3,390190.0,30534003.92
2017-03-14,77.97,78.58,77.82,78.33,477984.0,37414796.74
2017-03-13,77.99,78.18,77.84,77.94,427726.0,33343541.28
2017-03-10,78.2,78.41,77.78,78.0,566085.0,44218483.59
2017-03-09,77.61,78.25,77.56,78.05,739666.0,57657343.47
2017-03-08,77.68,77.74,76.55,77.67,803876.0,62100263.39
2017-03-07,78.1,78.13,77.41,77.62,579867.0,45028991.04
2017-03-06,77.82,78.1,77.7,78.1,419064.0,32676124.19
2017-03-03,78.5,78.5,77.7,78.21,556885.0,43461849.57
2017-03-02,78.14,78.42,77.36,78.4,772559.0,60272465.32
2017-03-01,78.2,78.55,78.07,78.44,874304.0,68496577.86
2017-02-28,77.99,78.1,77.67,77.9,979820.0,76276727.42
2017-02-27,77.94,78.11,77.78,77.93,773364.0,60251167.18
2017-02-24,77.42,77.8,77.25,77.71,940028.0,72940904.91
2017-02-23,77.82,77.96,77.46,77.78,628957.0,48885076.75
2017-02-22,77.91,78.0,77.3,77.84,812193.0,63155585.21
2017-02-21,77.01,77.97,76.83,77.97,951485.0,73899509.36
2017-02-20,77.38,77.46,76.45,76.9,638540.0,49038652.09
2017-02-17,76.36,77.47,76.04,76.9,1424010.0,109279047.19
2017-02-16,76.79,76.8,75.23,76.05,1049339.0,79606650.22
2017-02-15,75.01,76.37,74.8,75.63,1981510.0,149881880.58
2017-02-14,73.5,73.56,72.89,72.95,878246.0,64247700.96
2017-02-13,73.73,74.13,73.54,73.66,838484.0,61888799.5
2017-02-10,73.95,74.08,73.47,73.67,923376.0,68032999.11
2017-02-09,73.76,73.93,73.1,73.7,869973.0,64051446.35
2017-02-08,72.97,73.68,72.38,73.65,1037532.0,76012422.43
2017-02-07,71.25,73.03,71.22,72.77,1083354.0,78692616.47
2017-02-06,71.99,72.01,71.26,71.29,724474.0,51843708.48
2017-02-03,70.83,72.26,70.74,71.95,1167725.0,83922760.81
2017-02-02,69.67,71.02,69.33,70.51,929348.0,65440770.76
2017-02-01,69.38,70.26,69.04,69.93,847926.0,59198626.53
2017-01-31,69.61,69.93,69.1,69.23,807763.0,56158860.97
2017-01-30,70.14,70.24,69.08,69.61,840913.0,58441592.4
2017-01-27,70.64,70.92,70.2,70.23,736053.0,51822848.12
2017-01-26,70.74,70.83,70.1,70.75,692834.0,48887901.57
2017-01-25,71.14,71.28,70.54,70.59,699829.0,49520426.48
2017-01-24,71.21,71.3,70.68,70.88,680646.0,48227409.93
2017-01-23,71.01,71.47,70.76,71.04,727612.0,51752683.43
2017-01-20,70.51,71.7,70.44,71.2,1045438.0,74463520.78
2017-01-19,70.89,71.12,70.32,70.66,704986.0,49810507.26
2017-01-18,70.1,70.82,70.03,70.5,829650.0,58456644.84
2017-01-17,69.93,70.31,69.27,69.64,1005199.0,70024612.75
2017-01-16,70.4,70.84,70.2,70.5,518084.0,36510639.48
2017-01-13,70.41,70.63,69.98,70.37,494418.0,34745419.69
2017-01-12,70.48,70.7,70.02,70.08,662542.0,46524894.88
2017-01-11,70.84,71.2,70.12,70.67,760036.0,53710344.15
2017-01-10,71.53,71.98,70.78,70.98,669731.0,47632753.1
2017-01-09,71.21,71.35,70.81,71.26,466268.0,33195772.75
2017-01-06,71.2,71.47,70.94,71.01,401977.0,28591247.03
2017-01-05,71.32,71.88,71.03,71.28,621986.0,44372629.78
2017-01-04,71.48,71.75,70.96,71.32,494388.0,35296707.54
2017-01-03,71.69,71.72,71.11,71.22,614980.0,43848499.87
2017-01-02,71.01,71.36,70.98,71.3,240538.0,17133888.49
2016-12-30,71.3,71.72,71.08,71.26,379468.0,27035487.63
2016-12-29,70.99,71.48,70.72,71.29,301516.0,21498493.93
2016-12-28,71.45,71.45,70.66,71.05,363413.0,25774463.32
2016-12-27,71.08,71.46,71.08,71.34,142182.0,10140948.77
2016-12-23,71.0,71.37,70.95,71.08,274962.0,19555229.37
2016-12-22,71.15,71.15,70.5,71.01,399457.0,28337431.2
2016-12-21,71.45,71.62,71.05,71.28,649845.0,46342967.27
2016-12-20,70.73,71.94,70.52,71.62,831170.0,59315548.65
2016-12-19,70.8,71.5,70.7,71.24,762465.0,54229179.37
2016-12-16,70.29,71.0,70.02,70.65,972692.0,68667087.76
2016-12-15,70.8,71.03,69.54,70.34,1182996.0,83084436.81
2016-12-14,70.65,71.17,70.36,70.86,751360.0,53213248.49
2016-12-13,70.26,70.96,70.01,70.87,638254.0,45106362.15
2016-12-12,70.08,70.23,69.55,70.05,489315.0,34235948.43
2016-12-09,69.04,70.35,69.0,70.01,767900.0,53690883.25
2016-12-08,68.9,69.1,68.29,68.84,835165.0,57354008.41
2016-12-07,68.93,68.98,68.18,68.73,751213.0,51528273.2
2016-12-06,68.01,69.1,68.01,68.58,667852.0,45791099.92
2016-12-05,68.01,69.36,67.95,67.97,749899.0,51284257.99
2016-12-02,67.8,68.32,67.47,68.05,895135.0,60843135.49
2016-12-01,70.0,70.33,67.89,68.19,1642144.0,112769688.17
2016-11-30,71.14,72.17,70.69,70.72,1215321.0,86474971.85
2016-11-29,71.24,71.3,70.55,71.12,666294.0,47256227.34
2016-11-28,71.67,71.82,70.99,71.47,490468.0,35054047.24
2016-11-25,70.99,72.36,70.87,71.95,684930.0,49207286.66
2016-11-24,71.01,71.2,70.42,70.95,330778.0,23424180.55
2016-11-23,70.88,71.48,70.56,70.63,707386.0,50146919.03
2016-11-22,71.32,71.32,70.56,70.95,828210.0,58764904.64
2016-11-21,71.36,71.36,70.3,70.83,550970.0,38984644.91
2016-11-18,71.4,71.59,70.93,71.1,987816.0,70267329.73
2016-11-17,70.85,71.11,70.46,70.89,716498.0,50742233.34
2016-11-16,70.5,71.03,70.0,70.83,993922.0,70129761.26
2016-11-15,69.69,70.77,69.65,70.39,769449.0,54048218.69
2016-11-14,71.27,71.3,69.25,69.25,973285.0,68076150.93
2016-11-11,71.69,71.97,70.56,70.94,820160.0,58288529.08
2016-11-10,72.91,73.09,70.77,71.21,1827692.0,130852203.6
2016-11-09,71.8,72.15,69.93,72.08,2683641.0,191205248.52
2016-11-08,73.0,73.7,72.9,73.68,472786.0,34764285.81
2016-11-07,73.39,73.59,72.73,72.87,621391.0,45387250.51
2016-11-04,72.89,73.26,72.65,72.85,600419.0,43786151.18
2016-11-03,74.12,74.3,73.22,73.22,665275.0,48978864.74
2016-11-02,74.47,74.88,74.15,74.35,675060.0,50290609.15
2016-11-01,75.48,75.71,74.61,74.63,778772.0,58418530.92
2016-10-31,75.97,75.98,75.0,75.05,657750.0,49497478.7
2016-10-28,75.57,76.08,74.0,75.99,914977.0,69031575.11
2016-10-27,76.32,77.27,76.14,76.27,1183864.0,90595007.35
2016-10-26,78.89,78.99,75.85,76.17,1782398.0,136873022.15
2016-10-25,79.08,79.7,79.0,79.0,955350.0,75694229.26
2016-10-24,79.87,80.41,79.17,79.17,557391.0,44365990.4
2016-10-21,79.63,80.52,79.3,79.66,913250.0,72827456.4
2016-10-20,78.85,79.31,78.15,79.16,505182.0,39897190.53
2016-10-19,78.72,79.06,78.04,78.73,635835.0,50058376.43
2016-10-18,78.14,79.17,78.13,78.7,579525.0,45634151.24
2016-10-17,78.01,78.25,77.48,78.02,507307.0,39531626.18
2016-10-14,77.56,78.69,77.23,78.37,758094.0,59295194.7
2016-10-13,77.36,77.82,76.81,77.25,814858.0,62987101.59
2016-10-12,78.81,78.81,77.5,77.51,722001.0,56290047.44
2016-10-11,77.94,79.65,77.56,78.73,796386.0,62814056.31
2016-10-10,77.47,78.22,77.1,77.93,466250.0,36258146.18
2016-10-07,78.53,78.61,77.23,77.23,769347.0,59695866.84
2016-10-06,79.41,79.41,78.35,78.44,633825.0,49874654.03
2016-10-05,80.36,80.37,79.06,79.06,773792.0,61549479.09
2016-10-04,80.49,81.48,80.27,80.65,945660.0,76480589.39
2016-10-03,78.73,80.82,78.31,80.36,1232281.0,98536104.02
2016-09-30,77.43,78.5,77.08,78.31,778920.0,60630528.46
2016-09-29,79.24,79.55,77.71,77.73,628631.0,49223978.27
2016-09-28,79.04,79.52,78.74,78.96,672822.0,53228363.75
2016-09-27,78.47,78.86,78.14,78.79,702378.0,55182488.307
2016-09-26,78.8,78.87,77.66,77.89,605788.0,47291788.85
2016-09-23,79.25,79.45,78.92,79.15,423384.0,33505728.23
2016-09-22,78.48,79.77,78.3,79.57,535354.0,42480038.53
2016-09-21,78.73,78.82,77.72,77.99,573601.0,44826036.72
2016-09-20,77.97,79.05,77.86,78.06,711849.0,55818339.34
2016-09-19,77.94,78.35,77.66,77.91,533844.0,41616931.97
2016-09-16,77.91,78.5,77.31,77.36,1259391.0,97752210.59
2016-09-15,78.23,78.43,77.59,77.92,582092.0,45391503.68
2016-09-14,78.31,78.33,77.63,78.08,833285.0,65040055.64
2016-09-13,78.8,78.96,77.94,77.98,733936.0,57411409.02
2016-09-12,78.0,78.43,77.22,78.35,727293.0,56735667.14
2016-09-09,80.01,80.04,78.33,78.49,763080.0,60250379.02
2016-09-08,80.45,81.04,79.8,80.26,769734.0,61913293.24
2016-09-07,80.78,81.0,80.35,80.73,521436.0,42057672.82
2016-09-06,81.07,81.5,80.59,80.69,532187.0,43049606.64
2016-09-05,81.65,81.75,80.82,81.08,437638.0,35513442.97
2016-09-02,79.08,81.26,79.0,81.23,1121247.0,90401825.67
2016-09-01,80.35,80.38,78.56,78.92,825604.0,65566801.65
2016-08-31,80.68,80.75,80.1,80.1,797464.0,64096083.2
2016-08-30,79.88,80.8,79.88,80.65,795174.0,64075815.13
2016-08-29,78.96,79.56,78.78,79.53,297861.0,23609610.39
2016-08-26,78.96,79.33,78.56,79.17,429762.0,33951573.16
2016-08-25,78.52,79.22,78.11,78.92,488243.0,38476643.85
2016-08-24,78.7,79.16,78.51,78.7,483198.0,38099310.49
2016-08-23,79.7,80.3,79.13,79.13,603160.0,48009768.58
2016-08-22,79.88,80.17,79.14,79.51,559510.0,44524094.49
2016-08-19,79.0,79.31,78.6,79.17,395223.0,31235630.66
2016-08-18,79.88,80.04,78.93,78.93,560658.0,44396351.48
2016-08-17,79.69,79.99,79.05,79.66,603381.0,48014022.93
2016-08-16,80.63,80.81,79.71,79.92,686723.0,54973585.41
2016-08-15,80.74,81.22,80.59,81.09,818148.0,66249994.59
2016-08-12,80.8,80.82,80.29,80.41,604243.0,48622267.82
2016-08-11,81.08,81.24,80.71,80.89,652980.0,52824069.99
2016-08-10,80.01,80.93,80.0,80.6,805440.0,64902613.64
2016-08-09,80.2,80.6,80.02,80.17,827091.0,66326190.29
2016-08-08,80.93,80.93,80.0,80.2,498942.0,40078178.02
2016-08-05,80.36,81.07,80.1,80.52,526294.0,42416522.06
2016-08-04,80.07,80.15,79.29,80.05,795032.0,63500211.55
2016-08-03,80.25,80.85,79.81,80.09,717371.0,57569231.5
2016-08-02,80.99,81.22,80.29,80.58,692288.0,55801280.99
2016-08-01,82.55,83.37,81.09,81.33,1184730.0,96901747.09
2016-07-29,83.98,84.44,83.41,84.44,834506.0,70063524.29
2016-07-28,83.63,84.28,83.22,83.99,501192.0,42088182.3
2016-07-27,84.81,84.83,83.62,83.8,480450.0,40433730.58
2016-07-26,84.23,84.73,84.01,84.43,406407.0,34322609.39
2016-07-25,84.3,84.8,84.02,84.02,448512.0,37816973.74
2016-07-22,82.69,84.14,82.66,84.14,570924.0,47726107.86
2016-07-21,83.06,83.2,82.29,83.0,609466.0,50443013.1
2016-07-20,83.08,83.74,82.75,82.93,563252.0,46813513.74
2016-07-19,82.7,82.87,82.22,82.61,361246.0,29839921.75
2016-07-18,82.71,83.26,82.71,82.9,410625.0,34072617.76
2016-07-15,82.96,83.15,82.51,82.93,504478.0,41802792.51
2016-07-14,83.45,84.05,82.95,83.06,627345.0,52290064.03
2016-07-13,82.72,83.38,82.4,82.98,580094.0,48099652.86
2016-07-12,83.45,83.58,82.86,82.97,386906.0,32165223.12
2016-07-11,83.15,83.45,82.6,83.28,441764.0,36741762.85
2016-07-08,82.79,83.15,82.1,82.79,507626.0,41963986.07
2016-07-07,82.19,83.06,82.14,82.22,553362.0,45623995.3
2016-07-06,82.89,83.26,81.6,82.04,860515.0,70721083.02
2016-07-05,83.06,83.78,82.78,83.38,605615.0,50409808.68
2016-07-04,84.06,84.43,83.43,83.48,375202.0,31397607.39
2016-07-01,83.0,84.29,82.84,83.71,744481.0,62314142.17
2016-06-30,81.0,83.0,81.0,82.77,1152872.0,95093345.45
2016-06-29,79.64,81.36,79.19,81.3,722590.0,58204859.46
2016-06-28,80.47,81.02,79.74,79.75,1011407.0,81073132.76
2016-06-27,79.23,80.29,78.8,78.86,1012395.0,80496509.6
2016-06-24,77.39,80.84,77.26,79.7,1405456.0,111413267.35
2016-06-23,80.97,82.48,80.5,81.27,563532.0,45856158.23
2016-06-22,81.39,81.42,80.48,80.77,580576.0,46959294.73
2016-06-21,80.55,81.3,80.4,80.8,517763.0,41882481.17
2016-06-20,79.66,80.8,79.36,80.54,663380.0,53284148.23
2016-06-17,78.79,78.95,78.02,78.34,1273558.0,99896119.07
2016-06-16,77.74,78.66,77.45,78.36,703584.0,55091218.01
2016-06-15,79.34,80.18,78.53,78.53,999228.0,79119769.88
2016-06-14,78.66,78.88,77.91,78.6,695097.0,54595617.0
2016-06-13,80.14,80.52,79.37,79.37,557173.0,44411934.24
2016-06-10,82.36,82.43,80.53,80.89,663568.0,53772271.45
2016-06-09,83.26,83.26,82.44,82.5,410779.0,33952034.31
2016-06-08,83.65,83.7,83.12,83.33,372231.0,31031529.48
2016-06-07,84.01,84.51,83.79,84.02,367819.0,30929814.33
2016-06-06,83.85,84.27,83.59,83.89,262080.0,22002843.85
2016-06-03,83.96,84.51,83.01,83.59,413613.0,34596590.78
2016-06-02,83.91,83.98,83.4,83.61,390889.0,32719237.08
2016-06-01,83.48,84.01,83.29,83.61,501910.0,41970710.27
2016-05-31,84.17,84.35,83.14,83.47,797626.0,66675723.38
2016-05-30,84.09,84.19,83.14,83.93,214308.0,17937710.91
2016-05-27,83.87,84.33,83.35,83.86,582195.0,48796990.83
2016-05-26,83.15,84.13,83.0,83.91,386673.0,32347827.29
2016-05-25,83.3,83.48,82.39,83.3,759663.0,63047847.9818
2016-05-24,81.36,83.58,81.03,83.08,665870.0,55133315.81
2016-05-23,82.08,82.48,81.27,81.43,538754.0,44027317.4
2016-05-20,81.5,82.36,81.47,82.04,412167.0,33798014.25
2016-05-19,82.01,82.26,80.77,80.96,828534.0,67249697.67
2016-05-18,81.56,82.41,81.48,82.22,619669.0,50854376.38
2016-05-17,83.25,83.44,81.75,81.98,557267.0,45875674.22
2016-05-16,81.88,82.68,81.37,82.6,275594.0,22632035.52
2016-05-13,81.95,82.72,81.46,82.38,565684.0,46491403.96
2016-05-12,82.68,83.34,81.89,82.57,481410.0,39786549.61
2016-05-11,82.99,83.11,82.31,82.73,498365.0,41230757.53
2016-05-10,83.4,84.26,82.92,83.2,545113.0,45499086.55
2016-05-09,82.55,83.45,82.06,82.87,555488.0,46025900.42
2016-05-06,81.46,81.93,80.59,81.92,680329.0,55389293.7
2016-05-05,81.31,81.98,81.01,81.61,533992.0,43478815.86
2016-05-04,81.45,82.06,80.84,81.0,760841.0,61844988.86
2016-05-03,82.05,82.06,81.16,81.65,712036.0,58092244.25
2016-05-02,82.01,82.48,81.71,82.05,337244.0,27684189.96
2016-04-29,82.11,82.38,81.32,81.85,1051002.0,86044992.01
2016-04-28,81.48,82.15,80.05,82.15,808683.0,65810757.6
2016-04-27,80.95,82.14,80.44,81.75,612609.0,50032744.76
2016-04-26,81.57,81.98,80.81,81.02,548171.0,44505893.62
2016-04-25,81.35,81.57,80.63,81.16,635840.0,51567795.78
2016-04-22,82.42,82.96,81.63,81.84,659322.0,54205714.694
2016-04-21,83.33,83.43,80.98,82.19,800840.0,65732130.47
2016-04-20,86.65,86.95,82.54,83.24,1522822.0,127776283.42
2016-04-19,81.9,83.2,81.75,83.16,493730.0,40915772.056
2016-04-18,81.03,81.95,81.03,81.75,505721.0,41224713.844
2016-04-15,80.46,81.55,80.37,81.44,862132.0,69935862.23
2016-04-14,80.09,81.11,79.73,80.75,541407.0,43662057.56
2016-04-13,79.66,80.02,79.16,79.98,621499.0,49516485.71
2016-04-12,78.65,79.04,77.68,78.86,546272.0,42866137.48
2016-04-11,78.75,79.07,77.95,78.42,419765.0,32975608.85
2016-04-08,79.11,79.24,78.35,79.02,526512.0,41517527.56
2016-04-07,79.11,79.71,78.63,78.84,533421.0,42183229.5
2016-04-06,79.34,79.34,78.53,79.1,398410.0,31451369.57
2016-04-05,78.76,79.45,78.48,79.0,650261.0,51372226.72
2016-04-04,78.91,80.32,78.42,79.23,494201.0,39297138.82
2016-04-01,79.09,79.09,77.73,78.81,721987.0,56548877.92
2016-03-31,80.54,80.62,79.51,79.65,558499.0,44619130.31
2016-03-30,79.49,80.99,79.49,80.77,673698.0,54322859.64
2016-03-29,78.88,79.97,78.84,79.33,481617.0,38212480.13
2016-03-24,79.12,79.45,78.7,78.84,621879.0,49115677.73
2016-03-23,78.44,79.91,78.39,79.74,798596.0,63463160.39
2016-03-22,78.32,78.32,77.15,78.09,709994.0,55232197.22
2016-03-21,78.78,79.02,78.2,78.57,833777.0,65450103.45
2016-03-18,77.03,79.06,76.74,79.03,1232304.0,96631337.24
2016-03-17,77.47,77.55,75.82,77.06,563486.0,43190994.87
2016-03-16,77.85,77.88,76.74,77.08,639801.0,49404047.95
2016-03-15,77.14,77.98,76.72,77.62,528522.0,40972281.36
2016-03-14,77.7,78.02,76.82,77.51,862066.0,66708512.81
2016-03-11,77.5,78.64,77.05,78.03,862894.0,67297961.23
2016-03-10,77.6,79.72,76.39,76.39,1031905.0,80440445.7
2016-03-09,76.7,78.26,76.33,77.28,841284.0,65094657.71
2016-03-08,75.28,76.04,74.64,75.88,378046.0,28550920.16
2016-03-07,75.72,76.38,75.46,75.73,405805.0,30788842.19
2016-03-04,75.05,76.5,74.89,75.88,686278.0,52007562.7
2016-03-03,76.0,76.12,74.71,74.91,643400.0,48260969.12
2016-03-02,76.72,76.72,75.32,75.85,814550.0,61719949.91
2016-03-01,74.09,76.56,73.64,76.56,838208.0,63137753.03
2016-02-29,74.1,74.33,73.67,74.16,631360.0,46766828.65
2016-02-26,75.02,75.64,74.24,74.36,626051.0,46873443.08
2016-02-25,73.8,74.78,73.49,74.4,394019.0,29281220.93
2016-02-24,74.64,74.64,72.95,73.37,631383.0,46429670.7
2016-02-23,74.27,75.16,73.86,74.5,469579.0,35010196.18
2016-02-22,74.67,75.28,74.46,74.66,622215.0,46590719.41
2016-02-19,73.94,74.28,73.41,73.79,646621.0,47736810.94
2016-02-18,74.2,74.21,73.58,73.85,787980.0,58209334.68
2016-02-17,73.87,74.23,73.58,74.19,578727.0,42812717.28
2016-02-16,73.74,74.4,72.93,73.32,531792.0,39059519.46
2016-02-15,72.78,74.14,72.5,73.46,524773.0,38605989.41
2016-02-12,71.64,71.77,70.84,71.46,870587.0,62127244.41
2016-02-11,72.37,72.37,70.91,71.08,1029692.0,73498641.28
2016-02-10,74.64,76.04,72.87,72.87,1721625.0,127886670.95
2016-02-09,75.17,75.7,74.28,75.18,1435845.0,107764825.07
2016-02-08,75.53,76.1,74.5,74.8,1050151.0,78722262.26
2016-02-05,76.9,77.42,75.37,75.46,910136.0,69171583.97
2016-02-04,80.56,80.56,76.92,77.0,1009607.0,78790053.0
2016-02-03,80.02,80.99,79.6,79.98,1246441.0,100069785.62
2016-02-02,80.5,80.63,79.44,79.96,663006.0,53046517.39
2016-02-01,80.54,80.77,79.84,80.45,717553.0,57573934.34
2016-01-29,78.85,80.02,77.95,80.02,860325.0,68284838.53
2016-01-28,78.03,78.57,77.17,77.65,546603.0,42551095.95
2016-01-27,77.34,78.55,77.0,78.4,650937.0,50766305.17
2016-01-26,76.38,77.5,75.98,77.3,722698.0,55465579.39
2016-01-25,77.55,78.4,76.94,77.55,743686.0,57690297.38
2016-01-22,77.18,77.34,76.49,76.86,1066975.0,82045266.78
2016-01-21,74.39,76.42,74.25,75.93,1084120.0,81855194.07
2016-01-20,74.31,74.83,73.52,74.18,667830.0,49526041.05
2016-01-19,76.08,76.22,75.43,75.83,492248.0,37323749.44
2016-01-18,74.74,75.34,74.16,74.95,775394.0,57991568.68
2016-01-15,74.57,75.22,73.78,74.76,1161797.0,86592608.94
2016-01-14,76.22,76.22,74.8,75.13,857227.0,64541332.69
2016-01-13,77.74,78.3,76.84,77.15,760985.0,58906712.95
2016-01-12,75.82,77.14,75.29,76.98,625824.0,48001992.81
2016-01-11,75.33,76.62,74.95,75.98,734251.0,55692870.72
2016-01-08,76.28,76.37,75.12,75.17,626485.0,47382054.38
2016-01-07,76.32,76.92,75.26,76.22,841258.0,63963486.86
2016-01-06,78.25,78.28,76.8,78.08,682501.0,52981306.92
2016-01-05,78.4,78.65,77.12,78.51,484657.0,37864273.06
2016-01-04,78.5,78.7,76.53,77.79,649553.0,50306212.26
2015-12-31,80.02,80.02,78.66,78.77,119053.0,9422977.16
2015-12-30,80.09,80.44,79.66,79.78,256081.0,20464579.45
2015-12-29,78.65,80.33,78.65,80.33,325747.0,26063165.76
2015-12-28,79.39,79.45,78.27,78.41,129585.0,10182312.73
2015-12-24,78.75,79.52,78.66,79.38,82922.0,6567128.25
2015-12-23,78.44,79.22,78.06,78.86,391275.0,30831456.82
2015-12-22,77.77,78.29,76.82,77.49,538545.0,41763390.03
2015-12-21,78.51,79.01,77.11,77.11,629448.0,49032698.19
2015-12-18,78.97,79.53,77.96,78.29,795022.0,62504477.81
2015-12-17,80.42,81.18,79.57,79.62,703991.0,56387410.04
2015-12-16,79.26,79.8,78.88,78.99,636401.0,50411876.28
2015-12-15,77.96,79.35,77.77,78.97,832780.0,65554587.32
2015-12-14,79.35,79.45,77.47,77.47,852697.0,66711877.85
2015-12-11,80.6,80.77,78.79,79.05,624978.0,49697187.25
2015-12-10,80.35,81.11,79.52,80.47,666333.0,53676451.28
2015-12-09,81.27,81.96,80.61,80.61,619764.0,50269919.02
2015-12-08,81.95,82.3,80.72,80.78,590264.0,47947907.87
2015-12-07,80.94,82.84,80.5,81.88,738509.0,60472646.82
2015-12-04,81.0,81.05,79.38,80.15,1068071.0,85679870.76
2015-12-03,84.49,85.2,81.05,81.05,1556412.0,128533900.35
2015-12-02,84.38,85.27,84.38,84.72,828382.0,70326628.73
2015-12-01,84.42,84.68,83.74,84.23,685351.0,57838613.47
2015-11-30,84.56,85.16,84.08,84.16,830743.0,70100454.89
2015-11-27,84.43,85.35,84.12,84.97,427040.0,36266354.47
2015-11-26,84.9,85.68,84.73,84.84,406532.0,34602171.84
2015-11-25,82.9,85.47,82.9,84.89,777500.0,66039735.01
2015-11-24,84.95,84.95,82.9,83.02,765321.0,63824881.58
2015-11-23,85.35,85.55,84.54,85.13,431337.0,36763796.34
2015-11-20,85.72,85.9,84.85,85.14,675095.0,57537381.09
2015-11-19,85.37,85.84,84.93,85.23,544392.0,46533581.79
2015-11-18,84.52,84.83,84.03,84.76,432004.0,36505972.95
2015-11-17,83.3,85.1,83.09,85.01,652350.0,55138138.57
2015-11-16,81.21,83.08,81.13,82.74,632554.0,52211400.94
2015-11-13,83.96,84.06,81.9,82.2,749150.0,61771680.3
2015-11-12,84.87,85.48,84.19,84.36,803224.0,68167562.46
2015-11-11,83.4,84.91,83.4,84.71,565002.0,47765686.66
2015-11-10,82.62,83.43,81.94,83.25,560213.0,46386881.52
2015-11-09,83.6,83.75,82.07,82.17,563842.0,46468955.84
2015-11-06,83.99,84.09,82.96,83.48,630905.0,52695851.34
2015-11-05,82.59,84.32,82.37,84.0,907557.0,75969366.04
2015-11-04,82.31,83.09,82.27,82.51,784264.0,64814662.31
2015-11-03,82.18,82.64,81.79,82.29,716271.0,58881268.87
2015-11-02,82.5,83.05,82.04,82.15,1004361.0,82855958.68
2015-10-30,83.0,83.59,82.45,83.12,1081911.0,89863808.15
2015-10-29,83.19,84.13,82.58,82.88,1201818.0,99929901.93
2015-10-28,83.0,83.85,82.2,83.35,1807208.0,150523552.0
2015-10-27,80.16,80.5,79.68,80.16,713986.0,57254728.12
2015-10-26,80.03,80.26,79.6,80.16,877138.0,70165297.34
2015-10-23,79.85,80.89,79.67,80.0,1070287.0,85858931.33
2015-10-22,77.93,79.58,77.56,79.21,1014450.0,79885952.97
2015-10-21,79.27,79.3,78.18,78.25,859761.0,67601026.22
2015-10-20,78.45,79.14,78.45,78.93,936620.0,73921575.33
2015-10-19,77.45,79.03,77.34,78.57,869912.0,68315715.93
2015-10-16,77.3,77.52,76.29,77.31,1014689.0,78185979.82
2015-10-15,75.26,77.28,74.76,77.07,1172053.0,89500026.48
2015-10-14,74.95,75.23,74.37,74.76,856833.0,64056056.98
2015-10-13,74.22,75.59,73.67,75.29,1526456.0,114284472.33
2015-10-12,73.4,74.06,72.84,73.64,762027.0,55990087.79
2015-10-09,73.3,73.48,72.59,73.25,861732.0,63046405.2
2015-10-08,73.95,74.54,72.71,72.84,1019104.0,74553742.26
2015-10-07,75.23,75.47,73.6,73.92,1236716.0,91754938.4
2015-10-06,75.02,75.41,74.6,74.73,830390.0,62229969.142
2015-10-05,74.23,75.65,73.65,75.25,1184471.0,88884111.94
2015-10-02,72.66,73.69,71.63,72.74,745449.0,54226717.95
2015-10-01,73.5,73.88,71.65,71.87,896810.0,64846754.73
2015-09-30,71.02,72.68,70.8,72.24,1126111.0,81027961.2
2015-09-29,70.3,70.45,68.94,69.52,1179009.0,82110199.48
2015-09-28,71.75,72.35,70.92,71.31,794226.0,56881206.23
2015-09-25,70.3,71.89,69.8,71.59,889876.0,63392610.47
2015-09-24,72.38,72.38,69.31,69.75,1585484.0,111538187.35
2015-09-23,71.77,73.06,71.65,72.5,784637.0,56863636.5
2015-09-22,73.57,74.0,71.75,71.94,775358.0,56146955.7
2015-09-21,72.51,74.27,72.51,73.68,854328.0,62969340.4
2015-09-18,74.08,74.43,71.76,72.98,1616325.0,117927540.45
2015-09-17,72.27,74.28,72.0,74.22,1290468.0,95012684.35
2015-09-16,70.38,74.9,70.24,71.95,2364933.0,171291239.2
2015-09-15,68.71,70.11,68.5,69.66,862288.0,59817664.16
2015-09-14,68.93,69.84,68.52,68.66,501778.0,34606960.47
2015-09-11,69.69,69.86,68.13,68.69,744177.0,51088827.0
2015-09-10,69.98,70.16,68.74,69.6,785023.0,54603355.12
2015-09-09,70.4,71.63,70.21,70.34,844918.0,59837029.13
2015-09-08,69.51,70.16,68.91,68.91,620981.0,43098669.44
2015-09-07,69.05,69.61,68.94,69.16,566522.0,39219643.99
2015-09-04,70.0,70.14,68.24,68.35,1102966.0,75936878.02
2015-09-03,69.98,71.1,69.55,70.61,656502.0,46306485.31
2015-09-02,69.16,69.85,68.64,69.4,567132.0,39340631.6
2015-09-01,69.95,69.96,68.08,69.0,865513.0,59648700.47
2015-08-31,69.87,70.65,69.71,70.5,656947.0,46198014.81
2015-08-28,70.19,70.32,68.93,70.2,884872.0,61658939.98
2015-08-27,70.02,70.52,69.07,70.06,1289933.0,90077591.8
2015-08-26,68.89,70.32,67.59,68.79,1520160.0,105016434.07
2015-08-25,68.59,70.89,67.98,69.75,1901768.0,132396286.01
2015-08-24,68.11,69.18,64.54,67.86,2371314.0,159559422.7
2015-08-21,72.44,73.24,70.29,70.29,1409112.0,100785856.14
2015-08-20,74.63,74.67,73.09,73.39,871311.0,64227984.28
2015-08-19,75.13,75.55,74.61,74.91,588960.0,44185607.89
2015-08-18,75.52,76.04,75.21,75.79,565956.0,42849036.22
2015-08-17,76.43,76.81,75.0,75.61,533310.0,40354743.87
2015-08-14,76.0,76.4,75.27,75.91,745101.0,56560141.18
2015-08-13,76.22,76.71,75.55,75.77,798350.0,60759788.84
2015-08-12,75.3,75.3,74.53,75.0,1269013.0,95070517.54
2015-08-11,76.83,76.9,75.98,76.1,791659.0,60384196.56
2015-08-10,76.84,77.03,75.97,76.81,664649.0,50959126.79
2015-08-07,76.59,76.91,76.18,76.36,923724.0,70618313.7
2015-08-06,77.11,77.55,76.89,77.15,613009.0,47321862.23
2015-08-05,77.51,77.77,76.64,77.2,1166532.0,89826886.86
2015-08-04,75.65,76.46,75.16,76.23,1030693.0,78365589.27
2015-08-03,73.88,75.75,73.1,75.73,1506811.0,113181131.18
2015-07-31,71.05,71.97,70.78,71.74,977197.0,69805804.77
2015-07-30,71.29,71.72,70.57,71.01,1298213.0,92313704.3
2015-07-29,71.34,71.99,70.75,71.65,796434.0,56899598.67
2015-07-28,71.07,71.65,70.49,71.17,709051.0,50355275.07
2015-07-27,71.99,72.17,70.6,70.74,625696.0,44464190.95
2015-07-24,72.09,73.53,72.08,72.39,655638.0,47700236.73
2015-07-23,73.9,73.93,71.7,72.45,1083562.0,78609448.29
2015-07-22,73.46,74.1,73.26,73.47,598061.0,44055441.97
2015-07-21,74.1,74.5,73.5,73.78,762489.0,56395499.82
2015-07-20,73.46,74.4,73.45,73.92,520055.0,38492208.74
2015-07-17,73.49,73.6,72.92,73.41,745805.0,54690596.64
2015-07-16,72.95,73.84,72.7,73.38,718851.0,52763313.59
2015-07-15,72.3,72.68,72.05,72.44,634671.0,45946809.17
2015-07-14,71.75,72.54,71.55,72.46,623352.0,45058120.61
2015-07-13,71.9,72.21,71.24,71.75,1009324.0,72380603.94
2015-07-10,70.75,71.39,70.23,71.24,1161574.0,82410387.97
2015-07-09,67.39,69.11,67.05,68.87,874908.0,59974352.28
2015-07-08,67.54,67.66,66.9,67.26,1146327.0,77109292.27
2015-07-07,67.79,67.79,66.99,67.17,1156726.0,77853661.55
2015-07-06,66.84,68.0,66.51,67.6,785181.0,53068262.6
2015-07-03,68.2,68.64,67.59,68.09,591452.0,40317979.26
2015-07-02,68.59,69.06,68.1,68.29,695366.0,47623095.49
2015-07-01,68.62,69.71,67.82,68.61,1264318.0,86945311.39
2015-06-30,68.16,69.14,67.72,68.07,1465726.0,100297785.88
2015-06-29,67.75,69.33,67.28,68.47,1044415.0,71589581.22
2015-06-26,69.63,71.02,69.3,70.37,630956.0,44321611.71
2015-06-10,67.32,67.96,66.7,67.74,1130351.0,76043069.44
2015-06-09,66.97,67.58,66.52,67.43,867632.0,58255575.08
2015-06-08,67.25,67.74,66.8,67.2,978845.0,65942475.18
2015-06-05,68.05,68.27,66.69,67.24,1155592.0,77859876.72
2015-06-04,68.77,69.58,67.31,68.84,1016010.0,69546223.04
2015-06-03,69.03,69.77,68.72,68.8,1369907.0,94689693.14
2015-06-02,70.46,70.52,68.88,69.18,1312670.0,91242986.98
2015-06-01,71.78,71.91,70.0,70.34,1188516.0,83907480.92
2015-05-29,72.54,72.75,71.19,71.34,885741.0,63388276.97
2015-05-28,72.06,72.9,72.0,72.58,471050.0,34180990.73
2015-05-27,72.02,72.73,71.81,72.31,694054.0,50097505.13
2015-05-26,72.43,73.04,71.89,72.24,537059.0,38899561.24
2015-05-25,72.67,72.85,72.22,72.62,91934.0,6674947.97
2015-05-22,72.01,72.72,71.94,72.5,484146.0,35057926.25
2015-05-21,72.18,72.38,71.69,72.32,651201.0,46930248.12
2015-05-20,72.89,73.24,72.27,72.47,787653.0,57225489.32
2015-05-19,71.51,73.26,71.45,72.86,860699.0,62666210.93
2015-05-18,71.1,71.33,69.83,71.22,600638.0,42526425.45
2015-05-15,71.25,71.48,70.41,70.85,652389.0,46342959.68
2015-05-14,69.55,70.95,68.82,70.73,575267.0,40482338.26
2015-05-13,70.14,71.05,69.34,69.69,724218.0,50826041.77
2015-05-12,70.82,70.86,69.48,70.08,1105492.0,77416892.98
2015-05-11,71.58,71.71,70.9,71.3,571875.0,40787616.36
2015-05-08,70.96,71.88,70.54,71.48,722204.0,51452368.4
2015-05-07,69.63,70.67,68.78,70.22,1188318.0,82787800.32
2015-05-06,70.21,70.81,69.27,69.81,988129.0,69107467.44
2015-05-05,71.58,72.59,69.93,70.04,1077935.0,76680094.91
2015-05-04,70.63,71.7,70.36,71.47,779762.0,55488235.6
2015-04-30,69.67,71.19,69.26,70.36,1054266.0,74188337.11
2015-04-29,71.79,72.01,69.79,69.85,846930.0,59733081.03
2015-04-28,72.82,72.91,70.65,71.48,756392.0,54116709.9
2015-04-27,72.73,73.48,71.38,72.98,626759.0,45590908.07
2015-04-24,73.93,74.16,72.45,73.06,648777.0,47453346.11
2015-04-23,73.73,74.28,72.56,73.64,900898.0,66095882.54
2015-04-22,75.0,75.63,73.21,73.47,1332637.0,98672746.83
2015-04-21,74.6,76.14,74.42,75.75,1374845.0,103738612.14
2015-04-20,73.76,74.41,73.56,73.78,588138.0,43507180.2
2015-04-17,74.29,74.63,73.1,73.19,1255617.0,92243596.81
2015-04-16,74.51,74.94,74.1,74.53,714559.0,53237958.06
2015-04-15,74.86,75.33,74.47,74.65,895554.0,66992383.2
2015-04-14,74.84,75.33,74.38,74.82,741959.0,55510482.15
2015-04-13,74.58,75.24,74.24,75.09,728604.0,54643418.04
2015-04-10,74.4,74.81,73.9,74.69,547770.0,40751947.51
2015-04-09,73.34,74.06,73.33,74.04,500526.0,36937318.34
2015-04-08,73.1,73.44,72.7,73.23,372861.0,27292354.56
2015-04-07,73.19,73.51,72.7,73.33,470123.0,34403208.27
2015-04-02,71.9,72.5,71.64,72.47,424570.0,30620229.32
2015-04-01,70.8,72.46,70.37,71.65,658409.0,47171461.43
2015-03-31,72.05,72.5,70.44,71.03,993503.0,70814291.51
2015-03-30,71.88,72.78,71.7,72.29,534945.0,38673469.74
2015-03-27,71.77,71.98,70.69,71.35,575618.0,41049436.425
2015-03-26,70.15,71.24,69.56,71.24,970137.0,68464513.66
2015-03-24,72.43,73.44,72.37,72.49,703427.0,51201230.86
2015-03-23,72.42,72.86,71.83,72.66,561676.0,40660212.01
2015-03-20,72.72,73.3,72.47,72.91,995944.0,72676355.28
2015-03-19,73.73,74.06,72.09,72.51,833819.0,60596713.8
2015-03-18,73.47,73.98,72.92,73.58,770628.0,56578555.55
2015-03-17,74.33,74.39,73.07,73.47,887113.0,65285706.38
2015-03-16,73.75,75.16,73.73,74.82,627218.0,46811255.28
2015-03-13,73.63,73.81,72.71,73.66,802102.0,58822988.47
2015-03-12,73.58,73.83,73.16,73.57,636499.0,46804783.97
2015-03-11,72.58,74.25,72.11,73.86,812647.0,59818581.99
2015-03-10,72.39,72.69,71.71,72.33,858746.0,62072429.27
2015-03-09,72.56,72.97,71.71,72.68,783656.0,56817891.06
2015-03-06,72.7,74.0,72.57,72.99,1076670.0,78968825.65
2015-03-05,70.96,72.86,70.96,72.5,1044408.0,75362237.3
2015-03-04,70.37,71.02,69.51,71.02,817014.0,57527535.93
2015-03-03,70.04,70.71,69.8,70.22,677433.0,47675483.45
2015-03-02,69.9,70.44,69.57,69.87,670845.0,46927004.99
2015-02-27,69.82,70.04,69.21,69.84,623418.0,43409524.64
2015-02-26,67.92,69.89,67.74,69.72,647925.0,44793617.11
2015-02-25,68.28,68.47,67.53,68.02,562289.0,38234093.54
2015-02-24,67.91,68.48,67.72,68.28,499657.0,34037236.72
2015-02-23,67.6,68.02,67.0,67.77,588398.0,39811651.58
2015-02-20,67.13,67.3,66.58,67.22,864915.0,57923992.62
2015-02-19,65.54,67.35,65.54,67.16,832562.0,55683889.93
2015-02-18,66.62,66.62,65.29,65.61,664525.0,43628317.37
2015-02-17,65.09,66.3,64.44,66.3,722385.0,47435877.86
2015-02-16,65.55,65.67,64.62,64.97,797743.0,51850505.79
2015-02-13,66.86,67.13,65.58,65.72,781038.0,51753772.93
2015-02-12,67.05,67.4,65.96,66.44,1355836.0,90064341.84
2015-02-11,65.9,66.76,64.8,66.39,1163846.0,76881372.43
2015-02-10,64.17,65.48,63.95,64.6,915507.0,59251473.05
2015-02-09,65.34,65.46,63.71,64.17,1562817.0,100329265.03
2015-02-06,65.93,66.33,65.66,65.77,798762.0,52655159.79
2015-02-05,65.76,66.76,65.66,66.19,623219.0,41265783.98
2015-02-04,66.01,66.44,65.1,66.03,1233356.0,81068392.22
2015-02-03,67.15,67.28,66.09,66.15,732609.0,48765814.47
2015-02-02,66.61,67.14,65.99,66.93,952575.0,63400274.04
2015-01-30,66.99,67.0,65.4,66.28,1007837.0,66712003.74
2015-01-29,65.55,66.89,65.38,66.81,1021066.0,67842156.17
2015-01-28,65.86,66.18,64.68,65.83,703471.0,46167776.37
2015-01-27,65.77,66.42,64.9,65.37,801185.0,52481802.92
2015-01-26,65.15,66.25,65.07,65.66,1153990.0,75802105.54
2015-01-23,62.98,65.31,62.81,65.16,1569565.0,101416751.67
2015-01-22,62.87,63.17,62.0,62.68,1218992.0,76286507.3
2015-01-21,62.56,62.98,62.11,62.98,1160862.0,72796771.71
2015-01-20,63.99,64.18,62.94,63.19,1037710.0,65697083.46
2015-01-19,63.74,63.91,63.04,63.84,1012339.0,64346622.31
2015-01-16,61.3,62.97,61.23,62.69,1497137.0,93347880.34
2015-01-15,61.09,61.42,59.22,61.17,1951242.0,117957206.05
2015-01-14,59.22,61.93,59.11,60.72,1525496.0,92898774.91
2015-01-13,58.91,60.22,58.8,59.86,762635.0,45580607.49
2015-01-12,57.68,59.25,57.58,58.93,889869.0,52321380.7
2015-01-09,58.92,59.11,57.16,57.48,999970.0,58051878.02
2015-01-08,57.98,59.26,57.95,59.03,840169.0,49357671.21
2015-01-07,57.16,57.88,56.73,57.47,802940.0,46058600.22
2015-01-06,56.9,57.51,56.14,56.81,787914.0,44830211.88
2015-01-05,57.49,58.4,56.65,56.83,741601.0,42579170.13
2015-01-02,58.88,59.17,57.51,57.72,477340.0,27650352.39
2014-12-31,58.66,59.0,58.41,58.95,108634.0,6393402.68
2014-12-30,59.44,59.44,58.24,58.31,391824.0,22991145.51
2014-12-29,59.42,59.84,59.0,59.49,377984.0,22467286.07
2014-12-24,59.31,59.75,59.18,59.51,72071.0,4289381.28
2014-12-23,60.04,60.23,59.12,59.45,615682.0,36633760.81
2014-12-22,59.53,60.11,59.5,59.77,549608.0,32881813.13
2014-12-19,59.27,59.58,58.58,59.39,1183694.0,69971554.32
2014-12-18,57.99,59.09,57.47,58.94,946792.0,55292420.47
2014-12-16,57.63,57.9,56.15,57.78,1176636.0,67361462.66
2014-12-15,58.35,58.98,57.43,57.56,831078.0,48302652.34
2014-12-12,60.26,60.37,58.25,58.39,899863.0,53148401.83
2014-12-11,60.7,60.88,60.36,60.48,884834.0,53570610.59
2014-12-10,60.39,61.24,60.24,60.92,1036318.0,63126230.25
2014-12-09,61.62,62.09,60.44,60.47,1009547.0,61709490.05
2014-12-08,63.05,63.25,62.35,62.39,474252.0,29658714.94
2014-12-05,62.93,63.34,62.72,63.21,477556.0,30144750.86
2014-12-04,62.51,63.21,62.29,62.67,978828.0,61395875.81
2014-12-03,62.97,63.29,62.5,62.57,496041.0,31144083.86
2014-12-02,63.4,63.71,62.82,63.19,760528.0,48137811.84
2014-12-01,62.99,64.0,62.99,63.38,832368.0,52840830.09
2014-11-28,62.68,63.29,62.67,63.25,496138.0,31295878.85
2014-11-27,61.85,62.83,61.83,62.74,659956.0,41200486.14
2014-11-26,61.69,62.04,61.58,61.68,358587.0,22154076.7
2014-11-25,61.77,62.18,61.59,61.69,769302.0,47549869.41
2014-11-24,61.8,62.39,61.63,61.7,626582.0,38775364.16
2014-11-21,61.47,61.82,61.08,61.71,999403.0,61426005.2
2014-11-20,60.86,61.64,60.73,61.47,555557.0,34067587.19
2014-11-19,60.98,61.18,60.63,60.92,447720.0,27282296.62
2014-11-18,60.82,61.31,60.72,61.06,345435.0,21081305.26
2014-11-17,60.25,60.93,60.15,60.77,429206.0,26016714.52
2014-11-14,61.45,61.6,60.45,60.65,560682.0,34113391.34
2014-11-13,60.63,61.41,60.1,61.18,871744.0,53142399.17
2014-11-12,60.25,60.68,60.23,60.5,600509.0,36319382.13
2014-11-11,59.72,60.92,59.62,60.45,649590.0,39304784.63
2014-11-10,59.26,59.71,59.18,59.62,494085.0,29418508.57
2014-11-07,60.0,60.0,59.19,59.3,532700.0,31684185.78
2014-11-06,60.08,60.49,59.68,59.9,820971.0,49294714.16
2014-11-05,59.44,60.39,59.44,60.35,1010652.0,60770839.05
2014-11-04,59.22,59.44,58.96,58.99,642891.0,38056839.3
2014-10-20,56.42,56.74,55.98,56.6,912590.0,51494634.6
2014-10-17,54.9,56.77,54.46,56.65,1432052.0,80157907.82
2014-10-16,55.92,56.05,54.03,54.81,1414382.0,77406341.93
2014-10-15,57.15,57.62,55.45,55.5,1200327.0,67584100.67
2014-10-14,56.23,56.51,55.43,56.34,1103368.0,61912321.38
2014-10-13,57.51,57.51,56.37,56.6,1129669.0,64005510.64
2014-10-10,58.41,58.84,57.76,57.79,965589.0,56043399.61
2014-10-09,58.71,59.91,58.48,58.71,1169056.0,68854109.06
2014-10-08,57.65,58.12,57.36,58.1,815267.0,47181285.24
2014-10-07,58.14,58.29,57.62,57.94,617953.0,35816015.68
2014-10-06,58.32,58.88,58.17,58.29,756281.0,44216475.11
2014-10-03,58.01,58.25,57.46,58.17,717685.0,41611428.66
2014-10-02,58.37,58.53,57.68,57.72,882114.0,51225085.57
2014-10-01,59.21,59.55,58.46,58.5,651882.0,38383192.76
2014-09-30,58.51,59.28,58.31,59.24,881542.0,51991962.22
2014-09-29,58.65,59.0,58.21,58.44,784564.0,45917773.2
2014-09-26,58.04,58.8,57.75,58.65,685303.0,40034804.71
2014-09-25,58.94,59.35,58.05,58.1,724414.0,42452189.96
2014-09-24,58.01,58.96,57.85,58.86,1113086.0,65250149.7
2014-09-23,58.05,58.38,57.55,57.92,881804.0,51023447.27
2014-09-22,58.33,58.44,57.94,58.24,679757.0,39572515.67
2014-09-19,59.15,59.16,58.15,58.43,1527876.0,89360068.35
2014-09-18,58.85,59.25,58.71,58.83,886963.0,52223438.57
2014-09-17,60.15,60.15,58.84,58.84,1257751.0,74488641.74
2014-09-16,60.31,60.43,59.83,60.0,1271993.0,76485343.43
2014-09-15,61.32,61.98,60.08,60.18,3201024.0,194251765.18
2014-09-12,60.89,60.89,59.18,59.43,1773301.0,106235793.41
2014-09-11,60.09,60.92,59.65,60.75,1902276.0,114876049.56
2014-09-10,59.65,60.1,59.15,59.87,1255162.0,74831082.1
2014-09-09,59.02,60.03,58.92,59.94,1255477.0,75066530.56
2014-09-08,58.61,59.19,58.55,59.19,731685.0,43112020.61
2014-09-05,58.46,58.76,58.19,58.67,853664.0,49961699.12
2014-09-04,58.19,58.67,57.55,58.56,1196262.0,69507096.1
2014-09-03,58.25,58.45,57.91,58.3,961324.0,55889241.51
2014-09-02,58.82,58.82,57.91,58.29,686812.0,40003808.6
2014-09-01,58.08,58.51,57.82,58.51,642631.0,37448525.48
2014-08-29,57.82,57.9,57.38,57.9,699158.0,40352591.46
2014-08-28,57.59,57.85,57.39,57.59,686545.0,39568811.23
2014-08-27,57.32,57.78,57.14,57.64,679403.0,39140011.83
2014-08-26,57.63,57.68,57.04,57.3,542483.0,31080321.83
2014-08-25,56.94,57.67,56.94,57.67,536297.0,30785371.2
2014-08-22,57.27,57.34,56.56,56.67,905026.0,51429153.43
2014-08-21,57.2,57.83,57.15,57.34,1236430.0,71056703.49
2014-08-20,55.65,57.5,55.3,57.31,3087262.0,175013491.71
2014-08-19,52.86,53.0,52.76,52.9,616837.0,32605677.47
2014-08-18,52.84,52.98,52.5,52.8,497740.0,26261856.6
2014-08-15,52.38,52.94,52.01,52.29,827977.0,43467556.16
2014-08-14,51.93,52.4,51.73,52.28,428514.0,22363457.14
2014-08-13,52.13,52.37,51.81,51.98,592920.0,30854110.82
2014-08-12,51.96,52.03,51.52,51.78,529380.0,27414855.84
2014-08-11,51.5,52.15,51.3,51.88,847560.0,43951957.23
2014-08-08,51.72,51.83,50.85,50.97,941898.0,48155357.74
2014-08-07,52.54,52.64,52.05,52.29,655228.0,34281422.61
2014-08-06,52.25,52.8,51.8,52.59,724162.0,37911429.17
2014-08-05,52.16,53.0,52.08,52.39,632536.0,33209443.36
2014-08-04,52.26,52.58,51.9,52.09,620749.0,32407122.74
2014-08-01,52.43,52.96,51.63,52.05,888458.0,46261795.96
2014-07-31,53.45,53.77,52.41,52.56,920608.0,48637058.66
2014-07-30,54.8,54.82,53.4,53.48,879424.0,47552890.3
2014-07-29,53.72,54.37,53.42,54.29,617329.0,33378171.26
2014-07-28,53.93,54.03,53.38,53.71,400618.0,21517979.09
2014-07-25,54.46,54.54,53.55,53.72,564177.0,30422244.47
2014-07-24,54.7,54.91,54.37,54.57,646998.0,35332035.01
2014-07-23,54.4,54.71,54.25,54.69,668009.0,36451022.97
2014-07-22,54.03,54.39,53.75,54.38,551134.0,29885488.14
2014-07-21,53.9,54.02,53.53,53.76,491179.0,26416735.06
2014-07-18,53.57,53.93,53.27,53.48,711549.0,38082198.53
2014-07-17,53.89,54.26,53.8,53.88,669855.0,36173357.33
2014-07-16,53.46,54.16,53.44,54.15,802550.0,43333363.79
2014-07-15,53.39,53.75,53.33,53.43,589444.0,31519680.8
2014-07-14,53.28,53.83,53.16,53.52,611599.0,32756820.34
2014-07-11,53.13,53.57,52.99,53.34,525260.0,28009004.64
2014-07-10,54.09,54.09,53.05,53.21,1000148.0,53387077.23
2014-07-09,53.96,54.16,53.79,53.96,908436.0,49032267.49
2014-07-08,53.47,54.54,53.4,53.99,1182505.0,63847066.42
2014-07-07,53.8,53.87,53.3,53.3,503787.0,26948919.79
2014-07-04,53.79,54.0,53.36,53.8,448975.0,24169870.81
2014-07-03,53.55,53.93,53.35,53.86,724468.0,38929098.42
2014-07-02,53.34,53.93,53.28,53.43,944764.0,50632612.13
2014-07-01,52.65,53.45,52.63,53.42,1013422.0,53854766.02
2014-06-30,52.2,52.68,52.01,52.43,576367.0,30228695.97
2014-06-27,52.07,52.11,51.66,52.0,561985.0,29183371.23
2014-06-26,52.02,52.24,51.68,51.94,646266.0,33614068.295
2014-06-25,52.76,52.84,51.86,51.88,920029.0,47958596.1318
2014-06-24,52.47,53.22,52.35,53.0,619904.0,32771269.44
2014-06-23,52.79,52.94,52.25,52.48,646137.0,33934999.85
2014-06-20,52.9,53.19,52.65,52.78,2245677.0,118606394.52
2014-06-19,52.89,53.3,52.74,52.86,779372.0,41242067.2
2014-06-18,53.43,53.47,52.79,52.8,736985.0,39069897.71
2014-06-17,53.54,53.66,53.17,53.48,630786.0,33688306.92
2014-06-16,53.29,53.71,52.88,53.44,888608.0,47448542.89
2014-06-13,52.96,53.47,52.69,53.39,876946.0,46603828.81
2014-06-12,52.62,53.14,52.5,53.1,1154935.0,61133372.47
2014-06-11,51.71,52.77,51.57,52.61,1310434.0,68627635.93
2014-06-10,51.18,51.63,50.97,51.63,768380.0,39530077.04
2014-06-09,50.78,51.18,50.43,51.18,370698.0,18921559.16
2014-06-06,51.3,51.33,50.68,50.69,776696.0,39469402.8
2014-06-05,51.31,51.55,51.1,51.28,739585.0,37983608.69
2014-06-04,51.42,51.74,51.19,51.39,559391.0,28753680.23
2014-06-03,51.35,51.62,50.95,51.6,839778.0,43089590.11
2014-06-02,51.9,52.03,51.48,51.65,713646.0,36913798.03
2014-05-30,51.24,51.81,50.84,51.71,1050156.0,54084124.93
2014-05-29,50.88,51.4,50.77,51.24,767342.0,39265307.63
2014-05-28,51.42,51.42,50.74,50.88,633563.0,32263602.89
2014-05-26,51.75,51.77,51.32,51.49,281884.0,14523608.53
2014-05-23,51.63,51.63,51.2,51.43,481424.0,24772612.45
2014-05-22,51.55,51.81,51.37,51.64,841051.0,43450150.02
2014-05-21,51.45,51.62,51.17,51.55,721012.0,37138234.67
2014-05-20,52.09,52.18,51.46,51.49,736668.0,38024651.13
2014-05-19,52.31,52.6,51.97,52.13,998903.0,52129888.21
2014-05-16,52.24,52.83,51.85,52.2,1050540.0,55029690.15
2014-05-14,51.1,51.5,50.91,51.37,525100.0,26922712.3
2014-05-13,50.5,50.99,50.37,50.96,799380.0,40595263.47
2014-05-12,50.3,50.43,50.18,50.37,905576.0,45567688.94
2014-05-09,50.09,50.31,49.88,49.985,593401.0,29689808.27
2014-05-08,50.3,50.35,49.765,50.02,804506.0,40259325.6
2014-05-07,48.8,50.21,48.66,50.21,981759.0,48848436.61
2014-05-06,49.665,49.7,48.835,48.845,723751.0,35538591.89
2014-05-05,49.55,49.625,48.96,49.45,647161.0,31900954.645
2014-05-02,50.0,50.06,49.655,49.7,830951.0,41416299.94
2014-04-30,50.01,50.28,49.775,50.0,1169491.0,58482091.81
2014-04-29,50.34,50.5,50.15,50.26,762912.0,38366762.06
2014-04-28,49.9,50.2,49.31,50.04,1116889.0,55616342.35
2014-04-25,50.4,50.65,49.7,49.79,809823.0,40520327.41
2014-04-24,51.56,52.07,50.13,50.53,1312053.0,66430619.66
2014-04-23,51.46,51.63,51.08,51.17,848492.0,43544451.75
2014-04-22,51.85,51.99,51.56,51.65,683912.0,35405507.24
2014-04-17,51.48,51.68,51.0,51.48,824880.0,42420624.52
2014-04-16,51.85,51.95,50.76,51.74,839436.0,43095528.71
2014-04-15,51.05,51.94,50.93,51.54,1008182.0,51907563.87
2014-04-14,50.63,51.67,50.62,51.2,1058640.0,54285178.13
2014-04-11,51.35,51.56,50.69,50.8,859875.0,43788372.09
2014-04-10,51.72,51.98,51.33,51.84,603349.0,31189847.95
2014-04-09,52.0,52.04,51.6,51.68,656304.0,33976639.57
2014-04-08,51.65,52.05,51.32,51.9,1018698.0,52729156.11
2014-04-07,51.22,51.6,50.8,51.5,682021.0,34965679.93
2014-04-04,51.0,51.41,50.83,51.4,839720.0,42983963.53
2014-04-03,50.5,50.92,50.23,50.82,748873.0,37968931.09
2014-04-02,50.7,50.85,50.3,50.4,935521.0,47228084.65
2014-04-01,50.62,50.8,50.03,50.8,685271.0,34594644.29
2014-03-31,50.5,50.64,50.2,50.52,1123947.0,56719762.53
2014-03-28,49.35,50.47,49.35,50.24,1562845.0,78294045.51
2014-03-27,48.125,49.055,47.725,49.05,1371604.0,66793068.46
2014-03-26,47.72,48.165,47.465,48.14,844219.0,40442843.6
2014-03-25,46.925,47.99,46.915,47.99,1064004.0,50766105.53
2014-03-24,46.77,46.835,46.465,46.795,473923.0,22116447.77
2014-03-21,46.495,47.06,46.4,46.735,1464243.0,68389592.59
2014-03-20,46.255,46.32,45.9,46.32,890211.0,41074579.305
2014-03-19,47.11,47.115,46.41,46.56,859846.0,40105440.185
2014-03-18,46.68,47.415,46.225,47.115,787421.0,36964133.57
2014-03-17,46.82,47.07,46.105,46.885,665901.0,31089134.6
2014-03-14,46.945,47.17,46.58,47.0,1135567.0,53335585.9
2014-03-13,47.93,48.11,47.25,47.29,824671.0,39254795.895
2014-03-12,48.13,48.13,47.25,47.54,835539.0,39750498.395
2014-03-11,48.52,48.52,47.93,48.36,563944.0,27234328.06
2014-03-10,48.495,48.745,48.17,48.39,588399.0,28519891.39
2014-03-07,48.855,49.075,48.35,48.58,775321.0,37765866.61
2014-03-06,48.605,48.915,48.42,48.83,786960.0,38379992.2
2014-03-05,48.8,48.81,48.15,48.425,729463.0,35316752.9
2014-02-28,48.475,49.08,48.475,48.99,964370.0,47160870.74
2014-02-27,48.645,49.075,48.115,48.6,701604.0,34012602.745
2014-02-26,48.825,49.01,48.515,48.67,743926.0,36197691.14
2014-02-25,49.0,49.105,48.665,48.865,851792.0,41600206.39
2014-02-24,48.975,49.415,48.9,49.08,949186.0,46565263.14
2014-02-21,49.04,49.385,48.755,49.07,836135.0,40957707.03
2014-02-20,48.46,48.93,48.14,48.93,943496.0,45998535.52
2014-02-19,48.19,48.71,48.1,48.655,930819.0,45075559.73
2014-02-18,48.01,48.25,47.585,48.2,1072135.0,51508234.85
2014-02-17,46.94,48.185,46.875,47.935,1518084.0,72268916.82
2014-02-14,47.01,47.07,46.365,46.61,1535740.0,71566353.52
